Workbook

Sheet Resumen
A1: RESUMEN DE CUANTIFICACIÓN – CIMENTACIÓN SÓTANO
A2: Proyecto: Sótano – Plano S-1 Cimentación y detalles (DXF) | Fecha: 2026-10-12 | Unidades: m, m², m³
A4: No. | B4: Elemento | C4: Sección / tipo | D4: Unidad | E4: Cantidad | F4: Método | G4: Fuente | H4: Observaciones
A5: A. CIMENTACIÓN – EDIFICACIÓN
A6: 1 | B6: Zapata Z1 | C6: 2.20 × 2.20 | D6: u | E6: 4 | F6: Conteo de bloques en DXF | G6: Capa ZAPATA (planta S-1) | H6: Z1-a, Z1-b, Z1-c, Z1-d
A7: 2 | B7: Zapata Z1 | C7: 2.50 × 2.50 | D7: u | E7: 1 | F7: Conteo de bloques en DXF | G7: Capa ZAPATA (planta S-1) | H7: Z1-e – RFI medida
A8: 3 | B8: Zapata Z2 | C8: 3.90 × 3.90 | D8: u | E8: 1 | F8: Conteo de bloques en DXF | G8: Capa ZAPATA (planta S-1) | H8: Z2
A9: 4 | B9: Zapata Z3 | C9: 3.30 × 3.30 | D9: u | E9: 3 | F9: Conteo de bloques en DXF | G9: Capa ZAPATA (planta S-1) | H9: Z3-a, Z3-b, Z3-c
A10: 5 | B10: Zapata Z4 | C10: 2.50 × 2.50 | D10: u | E10: 1 | F10: Conteo de bloques en DXF | G10: Capa ZAPATA (planta S-1) | H10: Z4
A11: 6 | B11: Zapata Z5 | C11: 3.90 × 7.87 | D11: u | E11: 1 | F11: Conteo de bloques en DXF | G11: Capa ZAPATA (planta S-1) | H11: Z5
A12: 7 | B12: Zapata Z6 | C12: 3.73 × 3.76 | D12: u | E12: 1 | F12: Conteo de bloques en DXF | G12: Capa ZAPATA (planta S-1) | H12: Z6
A13: 8 | B13: Zapata Z7 | C13: 3.30 × 5.73 | D13: u | E13: 1 | F13: Conteo de bloques en DXF | G13: Capa ZAPATA (planta S-1) | H13: Z7
A14: 9 | B14: Zapata Z8 | C14: 6.55 × 7.09 | D14: u | E14: 1 | F14: Conteo de bloques en DXF | G14: Capa ZAPATA (planta S-1) | H14: Z8
A15: 10 | B15: Zapatas – área en planta | C15: Z1 a Z8 | D15: m² | E15: =Zapatas!$E$19 | F15: Suma de áreas (hoja Zapatas) | G15: Capa ZAPATA
A16: 11 | B16: Zapatas – concreto | C16: Z1 a Z8 | D16: m³ | E16: =Zapatas!$G$19 | F16: Área × peralte | G16: Detalle de zapatas (xref) | H16: Pendiente: ingresar peraltes en hoja Parámetros
A17: 12 | B17: Cimiento corrido CC1 | C17: 0.70 | D17: ml | E17: 31.32 | F17: Huella neta / 0.70 | G17: Capa CIMIENTO 004 | H17: Excluye tramos bajo zapatas (incl. 13.59 ml dentro de Z8 → RFI)
A18: 13 | B18: Cimiento corrido CC1 – huella | C18: 0.70 | D18: m² | E18: 21.92 | F18: Unión de franjas − MC1 − zapatas | G18: Capa CIMIENTO 004
A19: 14 | B19: Cimiento corrido CC1 – concreto | C19: 0.70 | D19: m³ | E19: =IF(Parámetros!$B$13="","pendiente",21.925*Parámetros!$B$13) | F19: Huella × peralte | G19: Detalle típico CC1 (xref) | H19: Pendiente peralte
A20: 15 | B20: Solera SA | C20: 0.30 | D20: ml | E20: ='Soleras SA'!$B$17 | F20: Suma de tramos según trazo | G20: Capa S-solera de amarre 003 | H20: Fuera de zapatas: 26.34 ml. Usar según nivel del detalle SA
A21: 16 | B21: Columnas (arranques sobre zapata) | C21: C1–C7 | D21: u | E21: 19 | F21: Conteo de etiquetas | G21: Textos TEX5 | H21: C1: 3, C2: 2, C3: 1, C4: 3, C5: 8, C6: 1, C7: 1. Secciones en detalle de columnas (xref)
A22: 17 | B22: Contrapiso CP | C22: t = 0.10 | D22: m² | E22: 285.46 | F22: Área neta de hatch (par-impar) | G22: Capa S-contrapiso 001
A23: 18 | B23: Contrapiso CP – concreto | C23: t = 0.10 | D23: m³ | E23: =ROUND(285.462*Parámetros!$B$18,3) | F23: Área × espesor | G23: Leyenda CP
A24: B. MURO DE CONTENCIÓN MC1 (grupo independiente)
A25: 19 | B25: Cimiento MC1 | C25: 1.00 | D25: ml | E25: 80.93 | F25: Huella neta / 1.00 | G25: Capa CIMIENTO 004 | H25: Excluye 31.79 m² bajo zapatas (Z2, Z3, Z5, Z8, Z1)
A26: 20 | B26: Cimiento MC1 – huella | C26: 1.00 | D26: m² | E26: 80.93 | F26: Unión de franjas + 7 juntas | G26: Capa CIMIENTO 004 | H26: Verificación independiente Δ 0.8 %
A27: 21 | B27: Cimiento MC1 – concreto | C27: 1.00 | D27: m³ | E27: =IF(Parámetros!$B$14="","pendiente",80.927*Parámetros!$B$14) | F27: Huella × peralte | G27: Detalle MC1 (xref) | H27: Pendiente peralte
A28: 22 | B28: Concreto pobre bajo cimiento MC1 | C28: t = 0.04 | D28: m³ | E28: =ROUND(80.927*Parámetros!$B$17,3) | F28: Huella neta × 0.04 | G28: Nota 1, detalle MC1 | H28: [Supuesto] solo bajo cimiento MC1
A29: 23 | B29: Muro MC1 | C29: — | D29: ml | E29: 112.72 | F29: Huella bruta / 1.00 (continuo sobre zapatas) | G29: Capa CIMIENTO 004 | H29: [Supuesto] el muro corre continuo; altura pendiente
A30: 24 | B30: Muro MC1 – área | C30: — | D30: m² | E30: =IF(Parámetros!$B$15="","pendiente",112.72*Parámetros!$B$15) | F30: ml × altura | G30: Detalle MC1 (xref) | H30: Pendiente altura
A31: 25 | B31: Drenaje francés tubo Ø 6" perforado | C31: — | D31: ml | E31: 112.72 | F31: Igual a longitud de muro | G31: Nota 3, detalle MC1 | H31: [Supuesto] a todo lo largo del muro
A32: 26 | B32: Geocompuesto drenante (Mac Drain 1L) | C32: — | D32: m² | E32: =IF(Parámetros!$B$15="","pendiente",112.72*Parámetros!$B$15) | F32: ml × altura | G32: Nota 4, detalle MC1 | H32: Pendiente altura
A33: 27 | B33: Impermeabilización cara expuesta (Sikatop 144) | C33: — | D33: m² | E33: =IF(Parámetros!$B$15="","pendiente",112.72*Parámetros!$B$15) | F33: ml × altura | G33: Nota 5, detalle MC1 | H33: Pendiente altura
A34: 28 | B34: Pines (detalles DP) | C34: DP2/DP3/DP4/DP5 | D34: — | E34: ver obs. | F34: Conteo de llamadas | G34: Textos S-text 003 | H34: Llamadas: DP2 = 39, DP3 = 3, DP4 = 6, DP5 = 20. Cantidad de pines = separación de detalle (xref) → pendiente
A36: Excavación, relleno y acero de refuerzo: pendientes del nivel de desplante y de los armados (xref de detalles no incluidos en el DXF). Ver hoja Pendientes.

Sheet Parámetros
A1: PARÁMETROS DE SECCIÓN
A2: Proyecto: Sótano – Plano S-1 Cimentación y detalles (DXF) | Fecha: 2026-10-12 | Unidades: m, m², m³ | Celdas amarillas = dato pendiente de detalle (xref no incluido)
A4: Parámetro | B4: Valor | C4: Unidad | D4: Fuente / estado
A5: Peralte zapata Z1 | C5: m | D5: PENDIENTE – Xref_Detalles_de_Cimetacion
A6: Peralte zapata Z2 | C6: m | D6: PENDIENTE
A7: Peralte zapata Z3 | C7: m | D7: PENDIENTE
A8: Peralte zapata Z4 | C8: m | D8: PENDIENTE
A9: Peralte zapata Z5 | C9: m | D9: PENDIENTE
A10: Peralte zapata Z6 | C10: m | D10: PENDIENTE
A11: Peralte zapata Z7 | C11: m | D11: PENDIENTE
A12: Peralte zapata Z8 | C12: m | D12: PENDIENTE
A13: Peralte cimiento corrido CC1 | C13: m | D13: PENDIENTE – detalle típico CC1
A14: Peralte cimiento MC1 | C14: m | D14: PENDIENTE – detalle MC1
A15: Altura muro MC1 (relleno) | C15: m | D15: PENDIENTE – detalle MC1
A16: Peralte solera SA | C16: m | D16: PENDIENTE – detalle SA
A17: Espesor concreto pobre | B17: 0.04 | C17: m | D17: Dato – nota 1 detalle MC1
A18: Espesor contrapiso CP | B18: 0.1 | C18: m | D18: Dato – leyenda CP

Sheet Zapatas
A1: ZAPATAS – EXTRACCIÓN
A2: Proyecto: Sótano – Plano S-1 Cimentación y detalles (DXF) | Fecha: 2026-10-12 | Unidades: m, m², m³
C3: m | E3: m² | G3: m³
A4: ID | B4: Tipo | C4: Largo | D4: Ancho | E4: Área | F4: Peralte | G4: Volumen | H4: Centro X | I4: Centro Y | J4: Observaciones
A5: Z1-a | B5: Z1 | C5: 2.2 | D5: 2.2 | E5: 4.84 | F5: =IF(Parámetros!$B$5="","",Parámetros!$B$5) | G5: =IF(F5="","",E5*F5) | H5: -13.25 | I5: -6.52
A6: Z1-b | B6: Z1 | C6: 2.2 | D6: 2.201 | E6: 4.842 | F6: =IF(Parámetros!$B$5="","",Parámetros!$B$5) | G6: =IF(F6="","",E6*F6) | H6: -26.96 | I6: -7.89
A7: Z1-c | B7: Z1 | C7: 2.2 | D7: 2.2 | E7: 4.839 | F7: =IF(Parámetros!$B$5="","",Parámetros!$B$5) | G7: =IF(F7="","",E7*F7) | H7: 7.19 | I7: -6.09
A8: Z1-d | B8: Z1 | C8: 2.201 | D8: 2.2 | E8: 4.84 | F8: =IF(Parámetros!$B$5="","",Parámetros!$B$5) | G8: =IF(F8="","",E8*F8) | H8: 11.21 | I8: 3.55
A9: Z1-e | B9: Z1 | C9: 2.5 | D9: 2.5 | E9: 6.249 | F9: =IF(Parámetros!$B$5="","",Parámetros!$B$5) | G9: =IF(F9="","",E9*F9) | H9: 5.58 | I9: 5.9 | J9: Dibujada 2.50×2.50; las otras 4 Z1 miden 2.20×2.20 → RFI
A10: Z2 | B10: Z2 | C10: 3.9 | D10: 3.9 | E10: 15.21 | F10: =IF(Parámetros!$B$6="","",Parámetros!$B$6) | G10: =IF(F10="","",E10*F10) | H10: -0.06 | I10: 6.88
A11: Z3-a | B11: Z3 | C11: 3.3 | D11: 3.3 | E11: 10.89 | F11: =IF(Parámetros!$B$7="","",Parámetros!$B$7) | G11: =IF(F11="","",E11*F11) | H11: -17.01 | I11: 6.37 | J11: Lado norte bajo MC1 (línea oculta); se toma 3.30 como Z3 típica
A12: Z3-b | B12: Z3 | C12: 3.3 | D12: 3.3 | E12: 10.89 | F12: =IF(Parámetros!$B$7="","",Parámetros!$B$7) | G12: =IF(F12="","",E12*F12) | H12: -11.24 | I12: 1.33
A13: Z3-c | B13: Z3 | C13: 3.3 | D13: 3.3 | E13: 10.89 | F13: =IF(Parámetros!$B$7="","",Parámetros!$B$7) | G13: =IF(F13="","",E13*F13) | H13: -9.7 | I13: -2.11
A14: Z4 | B14: Z4 | C14: 2.5 | D14: 2.5 | E14: 6.25 | F14: =IF(Parámetros!$B$8="","",Parámetros!$B$8) | G14: =IF(F14="","",E14*F14) | H14: -25.07 | I14: -5.75
A15: Z5 | B15: Z5 | C15: 3.901 | D15: 7.871 | E15: 30.704 | F15: =IF(Parámetros!$B$9="","",Parámetros!$B$9) | G15: =IF(F15="","",E15*F15) | H15: -16.91 | I15: -10.49 | J15: Cotas en plano 7.90 × 3.90
A16: Z6 | B16: Z6 | C16: 3.732 | D16: 3.761 | E16: 14.037 | F16: =IF(Parámetros!$B$10="","",Parámetros!$B$10) | G16: =IF(F16="","",E16*F16) | H16: -21.07 | I16: -8.56 | J16: Cuadrilátero no rectangular (lados 3.70–3.77)
A17: Z7 | B17: Z7 | C17: 3.3 | D17: 5.731 | E17: 18.913 | F17: =IF(Parámetros!$B$11="","",Parámetros!$B$11) | G17: =IF(F17="","",E17*F17) | H17: -20.76 | I17: -1.46 | J17: Cota en plano 5.75
A18: Z8 | B18: Z8 | C18: 6.548 | D18: 7.093 | E18: 46.445 | F18: =IF(Parámetros!$B$12="","",Parámetros!$B$12) | G18: =IF(F18="","",E18*F18) | H18: -1.38 | I18: -0.22 | J18: Cota en plano 6.35 vs 6.55 medido; contiene CC1 → RFI
A19: TOTAL | E19: =SUM(E5:E18) | G19: =IF(COUNT(G5:G18)<COUNTA(A5:A18),"pendiente",SUM(G5:G18)) | J19: 14 zapatas

Sheet Cimientos
A1: CIMIENTOS CORRIDOS – EXTRACCIÓN
A2: Proyecto: Sótano – Plano S-1 Cimentación y detalles (DXF) | Fecha: 2026-10-12 | Unidades: m, m², m³
A4: Grupo | B4: Elemento | C4: Concepto | D4: Unidad | E4: Cantidad | F4: Método | G4: Observaciones
A5: Muro de contención | B5: Cimiento MC1 1.00 | C5: Huella bruta (incluye tramos bajo zapatas) | D5: m² | E5: 112.721 | F5: Unión de franjas por pares de bordes + juntas | G5: Verificación: semisuma de bordes = 111.86 ml (Δ 0.8 %)
A6: Muro de contención | B6: Cimiento MC1 1.00 | C6: (−) Tramos bajo zapatas | D6: m² | E6: -31.794 | F6: Intersección huella MC1 ∩ zapatas | G6: Se asigna a la zapata (cimiento termina en cara de zapata)
A7: Muro de contención | B7: Cimiento MC1 1.00 | C7: Huella neta | D7: m² | E7: 80.927 | F7: Bruta − bajo zapatas | G7: Cantidad de control para concreto y concreto pobre
A8: Muro de contención | B8: Cimiento MC1 1.00 | C8: Longitud equivalente neta | D8: ml | E8: 80.927 | F8: Huella neta / 1.00 | G8: Ejes trazados en DXF: 75.51 ml (no incluyen juntas de esquina)
A9: Muro de contención | B9: Cimiento MC1 1.00 | C9: Longitud equivalente bruta (muro continuo) | D9: ml | E9: 112.721 | F9: Huella bruta / 1.00 | G9: Base para muro, drenaje e impermeabilización
A10: Edificación | B10: Cimiento corrido CC1 0.70 | C10: Huella bruta | D10: m² | E10: 38.326 | F10: Unión de franjas − MC1
A11: Edificación | B11: Cimiento corrido CC1 0.70 | C11: (−) Tramos bajo zapatas | D11: m² | E11: -16.402 | F11: Intersección CC1 ∩ zapatas | G11: Incluye 9.51 m² dentro de Z8 (= 13.59 ml) → RFI
A12: Edificación | B12: Cimiento corrido CC1 0.70 | C12: Huella neta | D12: m² | E12: 21.925 | F12: Bruta − bajo zapatas | G12: Cantidad de control para concreto
A13: Edificación | B13: Cimiento corrido CC1 0.70 | C13: Longitud equivalente neta | D13: ml | E13: 31.321 | F13: Huella neta / 0.70 | G13: Ejes en DXF: 27.73 ml; diferencia = franjas de CC1 que sobresalen de Z2, Z3 y Z8
A15: Juntas y esquinas cerradas con polígono (coordenadas en DXF)
A16: Muro de contención | B16: MC1 | C16: MC1 junta N (-11.4,8.0) | D16: m² | E16: 1.116 | F16: Esquina ext. + esquina int. + proyecciones | G16: Incluido en la huella (unión, sin doble conteo)
A17: Muro de contención | B17: MC1 | C17: MC1 esquina NO (-19.2,8.0) | D17: m² | E17: 0.544 | F17: Esquina ext. + esquina int. + proyecciones | G17: Incluido en la huella (unión, sin doble conteo)
A18: Muro de contención | B18: MC1 | C18: MC1 esquina O (-30.0,-8.3) | D18: m² | E18: 1.419 | F18: Esquina ext. + esquina int. + proyecciones | G18: Incluido en la huella (unión, sin doble conteo)
A19: Muro de contención | B19: MC1 | C19: MC1 remate O junto a Z1 (-28.0,-7.2) | D19: m² | E19: 0.204 | F19: Esquina ext. + esquina int. + proyecciones | G19: Incluido en la huella (unión, sin doble conteo)
A20: Muro de contención | B20: MC1 | C20: MC1 esquina S (-18.0,-17.3) | D20: m² | E20: 1 | F20: Esquina ext. + esquina int. + proyecciones | G20: Incluido en la huella (unión, sin doble conteo)
A21: Muro de contención | B21: MC1 | C21: MC1 junta SE de Z8 (1.9,-3.8) | D21: m² | E21: 0.195 | F21: Esquina ext. + esquina int. + proyecciones | G21: Incluido en la huella (unión, sin doble conteo)
A22: Muro de contención | B22: MC1 | C22: MC1 junta NE de Z2 (2.1,6.8) | D22: m² | E22: 0.492 | F22: Esquina ext. + esquina int. + proyecciones | G22: Incluido en la huella (unión, sin doble conteo)
A23: Edificación | B23: CC1 | C23: CC1 esquina E (3.7,0.8) | D23: m² | E23: 0.328 | F23: Esquina ext. + esquina int. + proyecciones | G23: Incluido en la huella (unión, sin doble conteo)

Sheet Soleras SA
A1: SOLERA SA 0.30 – EXTRACCIÓN
A2: Proyecto: Sótano – Plano S-1 Cimentación y detalles (DXF) | Fecha: 2026-10-12 | Unidades: m, m², m³
A4: Tramo | B4: Longitud según trazo | C4: Unidad | D4: Observaciones
A5: SA-01 | B5: 7.688 | C5: ml | D5: De (-12.79, -6.82) a (-19.15, -2.50)
A6: SA-02 | B6: 5.77 | C6: ml | D6: De (-20.81, -8.21) a (-19.53, -2.59)
A7: SA-03 | B7: 5.896 | C7: ml | D7: De (-15.84, -11.88) a (-20.75, -8.61)
A8: SA-04 | B8: 4.617 | C8: ml | D8: De (-16.71, -13.00) a (-20.56, -10.45)
A9: SA-05 | B9: 0.437 | C9: ml | D9: De (-26.78, -8.30) a (-26.54, -7.94)
A10: SA-06 | B10: 1.048 | C10: ml | D10: De (-26.30, -7.58) a (-25.71, -6.71)
A11: SA-07 | B11: 5.452 | C11: ml | D11: De (-24.93, -5.54) a (-21.91, -1.00)
A12: SA-08 | B12: 8.1 | C12: ml | D12: De (-21.63, -0.58) a (-17.15, 6.16)
A13: SA-09 | B13: 8.262 | C13: ml | D13: De (-19.23, -2.14) a (-11.69, 1.24)
A14: SA-10 | B14: 3.814 | C14: ml | D14: De (-11.21, 1.03) a (-9.80, -2.51)
A15: SA-11 | B15: 6.978 | C15: ml | D15: De (-16.79, 6.22) a (-11.65, 1.49)
A16: SA-12 | B16: 0.637 | C16: ml | D16: De (-25.56, -6.48) a (-25.21, -5.96)
A17: TOTAL | B17: =SUM(B5:B16) | C17: ml | D17: Trazo entre extremos dibujados (cruza zapatas hasta columna)
A18: Neto | B18: 26.344 | C18: ml | D18: Fuera de huella de zapatas (huella neta 7.903 m² / 0.30)

Sheet Pendientes
A1: PENDIENTES, RFI Y SUPUESTOS
A2: Proyecto: Sótano – Plano S-1 Cimentación y detalles (DXF) | Fecha: 2026-10-12 | Unidades: m, m², m³
A4: No. | B4: Tipo | C4: Descripción | D4: Impacto
A5: 1 | B5: Dato faltante | C5: Los detalles vienen de xrefs NO incrustados en el DXF: Xref_Detalles_de_Cimetacion, Xref_detalle_de_pineado, Xref_Muros_Sotano, Xref_Ejes_Sotano. Sin ellos no hay peraltes, armados ni desplante. | D5: Concreto, acero, excavación y relleno quedan con fórmula lista pero pendientes
A6: 2 | B6: RFI | C6: Z1 al NE (Z1-e) está dibujada de 2.50 × 2.50; las otras cuatro Z1 miden 2.20 × 2.20. | D6: Δ 1.41 m² de área
A7: 3 | B7: RFI | C7: Z8 mide 6.55 × 7.09 m (cota en plano 6.35) y contiene cimientos CC1 (13.59 ml). Confirmar si Z8 es losa/zapata combinada y si los CC1 van sobre ella o se eliminan. | D7: CC1 ± 13.59 ml; volumen Z8
A8: 4 | B8: RFI | C8: Solera SA: confirmar si se mide entre caras de zapata (26.34 ml) o de columna a columna según trazo (58.70 ml). | D8: Hasta 32 ml de diferencia
A9: 5 | B9: Pendiente | C9: Dos remates de cimiento de 0.80 m de ancho que salen de Z1-d y Z1-e (NE) no se cuantificaron (≈ 0.8 m² c/u). | D9: Menor
A10: 6 | B10: Supuesto | C10: Intersecciones: zapata > MC1 > CC1. Cada cimiento termina en la cara de la zapata o del cimiento que lo cruza. | D10: Sin dobles conteos
A11: 7 | B11: Supuesto | C11: Concreto pobre t = 0.04 (nota 1) solo bajo la huella neta del cimiento MC1. | D11: Si va bajo zapatas: +31.79 m²
A12: 8 | B12: Supuesto | C12: Muro MC1, drenaje francés e impermeabilización a todo lo largo del MC1 (112.72 ml).
A13: 9 | B13: Limitación | C13: Bordes de MC1 dibujados a 1.005–1.016 m en vez de 1.00 (imprecisión de dibujo); se usó el ancho dibujado. | D13: < 1 %
A14: 10 | B14: Limitación | C14: Archivo entregado en DXF. Abrir en AutoCAD y guardar como DWG con el mismo nombre; crear allí los filtros de grupo (Cuantificación > Cimentación / Muro de contención) y ejecutar PURGE + AUDIT.
