Workbook

Sheet RESUMEN
A1: CASA JPS - RESUMEN DE MUROS (version Claude, desde emplantillados S-1, S-3, S-5)
A3: Nivel | B3: Tipo | C3: No. tramos | D3: Long. bruta (ml) | E3: Long. vanos (ml) | F3: Long. sin vanos (ml) | G3: Area neta (m2) | H3: V2 Claude long. (ml) | I3: V2 Claude area neta (m2) | J3: A mano long. (ml) | K3: A mano area neta (m2) | L3: Nota
A4: SÓTANO | B4: Muro de 10cm | C4: =COUNTIFS(MUROS!$A$4:$A$163,$A4,MUROS!$C$4:$C$163,$B4) | D4: =SUMIFS(MUROS!$I$4:$I$163,MUROS!$A$4:$A$163,$A4,MUROS!$C$4:$C$163,$B4) | E4: =SUMIFS(MUROS!$K$4:$K$163,MUROS!$A$4:$A$163,$A4,MUROS!$C$4:$C$163,$B4) | F4: =D4-E4 | G4: =SUMIFS(MUROS!$Q$4:$Q$163,MUROS!$A$4:$A$163,$A4,MUROS!$C$4:$C$163,$B4) | H4: 6.87 | I4: 32.71 | J4: 9.8 | K4: 44.05
A5: SÓTANO | B5: Muro de 15cm | C5: =COUNTIFS(MUROS!$A$4:$A$163,$A5,MUROS!$C$4:$C$163,$B5) | D5: =SUMIFS(MUROS!$I$4:$I$163,MUROS!$A$4:$A$163,$A5,MUROS!$C$4:$C$163,$B5) | E5: =SUMIFS(MUROS!$K$4:$K$163,MUROS!$A$4:$A$163,$A5,MUROS!$C$4:$C$163,$B5) | F5: =D5-E5 | G5: =SUMIFS(MUROS!$Q$4:$Q$163,MUROS!$A$4:$A$163,$A5,MUROS!$C$4:$C$163,$B5) | H5: 51.49 | I5: 232.87 | J5: 58.45 | K5: 276.69
A6: SÓTANO | B6: Muro de 20cm | C6: =COUNTIFS(MUROS!$A$4:$A$163,$A6,MUROS!$C$4:$C$163,$B6) | D6: =SUMIFS(MUROS!$I$4:$I$163,MUROS!$A$4:$A$163,$A6,MUROS!$C$4:$C$163,$B6) | E6: =SUMIFS(MUROS!$K$4:$K$163,MUROS!$A$4:$A$163,$A6,MUROS!$C$4:$C$163,$B6) | F6: =D6-E6 | G6: =SUMIFS(MUROS!$Q$4:$Q$163,MUROS!$A$4:$A$163,$A6,MUROS!$C$4:$C$163,$B6) | H6: 20.5 | I6: 96.27 | J6: 16.57 | K6: 75.86
A7: SÓTANO | B7: Muro de contención de 30cm | C7: =COUNTIFS(MUROS!$A$4:$A$163,$A7,MUROS!$C$4:$C$163,$B7) | D7: =SUMIFS(MUROS!$I$4:$I$163,MUROS!$A$4:$A$163,$A7,MUROS!$C$4:$C$163,$B7) | E7: =SUMIFS(MUROS!$K$4:$K$163,MUROS!$A$4:$A$163,$A7,MUROS!$C$4:$C$163,$B7) | F7: =D7-E7 | G7: =SUMIFS(MUROS!$Q$4:$Q$163,MUROS!$A$4:$A$163,$A7,MUROS!$C$4:$C$163,$B7) | H7: 114.83 | I7: 493.75 | J7: 126.26 | K7: 545.18 | L7: A mano: contencion = 0.20 + 0.30 (1.83 + 124.43 ml)
A8: SÓTANO | B8: Subtotal | C8: =SUM(C4:C7) | D8: =SUM(D4:D7) | E8: =SUM(E4:E7) | F8: =SUM(F4:F7) | G8: =SUM(G4:G7) | H8: =SUM(H4:H7) | I8: =SUM(I4:I7) | J8: =SUM(J4:J7) | K8: =SUM(K4:K7)
A10: NIVEL 1 | B10: Muro de 10cm | C10: =COUNTIFS(MUROS!$A$4:$A$163,$A10,MUROS!$C$4:$C$163,$B10) | D10: =SUMIFS(MUROS!$I$4:$I$163,MUROS!$A$4:$A$163,$A10,MUROS!$C$4:$C$163,$B10) | E10: =SUMIFS(MUROS!$K$4:$K$163,MUROS!$A$4:$A$163,$A10,MUROS!$C$4:$C$163,$B10) | F10: =D10-E10 | G10: =SUMIFS(MUROS!$Q$4:$Q$163,MUROS!$A$4:$A$163,$A10,MUROS!$C$4:$C$163,$B10) | H10: 8.23 | I10: 26.33 | J10: 6.92 | K10: 22.15
A11: NIVEL 1 | B11: Muro de 15cm | C11: =COUNTIFS(MUROS!$A$4:$A$163,$A11,MUROS!$C$4:$C$163,$B11) | D11: =SUMIFS(MUROS!$I$4:$I$163,MUROS!$A$4:$A$163,$A11,MUROS!$C$4:$C$163,$B11) | E11: =SUMIFS(MUROS!$K$4:$K$163,MUROS!$A$4:$A$163,$A11,MUROS!$C$4:$C$163,$B11) | F11: =D11-E11 | G11: =SUMIFS(MUROS!$Q$4:$Q$163,MUROS!$A$4:$A$163,$A11,MUROS!$C$4:$C$163,$B11) | H11: 77.72 | I11: 275.9 | J11: 95.76 | K11: 373.27
A12: NIVEL 1 | B12: Muro perimetral de 15cm | C12: =COUNTIFS(MUROS!$A$4:$A$163,$A12,MUROS!$C$4:$C$163,$B12) | D12: =SUMIFS(MUROS!$I$4:$I$163,MUROS!$A$4:$A$163,$A12,MUROS!$C$4:$C$163,$B12) | E12: =SUMIFS(MUROS!$K$4:$K$163,MUROS!$A$4:$A$163,$A12,MUROS!$C$4:$C$163,$B12) | F12: =D12-E12 | G12: =SUMIFS(MUROS!$Q$4:$Q$163,MUROS!$A$4:$A$163,$A12,MUROS!$C$4:$C$163,$B12) | H12: 69 | I12: 244.94 | J12: 69.06 | K12: 245.18
A13: NIVEL 1 | B13: Muro de 20cm | C13: =COUNTIFS(MUROS!$A$4:$A$163,$A13,MUROS!$C$4:$C$163,$B13) | D13: =SUMIFS(MUROS!$I$4:$I$163,MUROS!$A$4:$A$163,$A13,MUROS!$C$4:$C$163,$B13) | E13: =SUMIFS(MUROS!$K$4:$K$163,MUROS!$A$4:$A$163,$A13,MUROS!$C$4:$C$163,$B13) | F13: =D13-E13 | G13: =SUMIFS(MUROS!$Q$4:$Q$163,MUROS!$A$4:$A$163,$A13,MUROS!$C$4:$C$163,$B13) | H13: 40.82 | I13: 144.93 | J13: 38.59 | K13: 135.45
A14: NIVEL 1 | B14: Muro de contención de 30cm | C14: =COUNTIFS(MUROS!$A$4:$A$163,$A14,MUROS!$C$4:$C$163,$B14) | D14: =SUMIFS(MUROS!$I$4:$I$163,MUROS!$A$4:$A$163,$A14,MUROS!$C$4:$C$163,$B14) | E14: =SUMIFS(MUROS!$K$4:$K$163,MUROS!$A$4:$A$163,$A14,MUROS!$C$4:$C$163,$B14) | F14: =D14-E14 | G14: =SUMIFS(MUROS!$Q$4:$Q$163,MUROS!$A$4:$A$163,$A14,MUROS!$C$4:$C$163,$B14) | H14: 3.42 | I14: 12.16 | J14: 7.91 | K14: 28.08
A15: NIVEL 1 | B15: Subtotal | C15: =SUM(C10:C14) | D15: =SUM(D10:D14) | E15: =SUM(E10:E14) | F15: =SUM(F10:F14) | G15: =SUM(G10:G14) | H15: =SUM(H10:H14) | I15: =SUM(I10:I14) | J15: =SUM(J10:J14) | K15: =SUM(K10:K14)
A17: NIVEL 2 | B17: Muro de 10cm | C17: =COUNTIFS(MUROS!$A$4:$A$163,$A17,MUROS!$C$4:$C$163,$B17) | D17: =SUMIFS(MUROS!$I$4:$I$163,MUROS!$A$4:$A$163,$A17,MUROS!$C$4:$C$163,$B17) | E17: =SUMIFS(MUROS!$K$4:$K$163,MUROS!$A$4:$A$163,$A17,MUROS!$C$4:$C$163,$B17) | F17: =D17-E17 | G17: =SUMIFS(MUROS!$Q$4:$Q$163,MUROS!$A$4:$A$163,$A17,MUROS!$C$4:$C$163,$B17) | H17: 14.23 | I17: 45.55 | J17: 13.45 | K17: 44.79
A18: NIVEL 2 | B18: Muro de 15cm | C18: =COUNTIFS(MUROS!$A$4:$A$163,$A18,MUROS!$C$4:$C$163,$B18) | D18: =SUMIFS(MUROS!$I$4:$I$163,MUROS!$A$4:$A$163,$A18,MUROS!$C$4:$C$163,$B18) | E18: =SUMIFS(MUROS!$K$4:$K$163,MUROS!$A$4:$A$163,$A18,MUROS!$C$4:$C$163,$B18) | F18: =D18-E18 | G18: =SUMIFS(MUROS!$Q$4:$Q$163,MUROS!$A$4:$A$163,$A18,MUROS!$C$4:$C$163,$B18) | H18: 157.73 | I18: 522.64 | J18: 161.67 | K18: 540.74
A19: NIVEL 2 | B19: Muro de 20cm | C19: =COUNTIFS(MUROS!$A$4:$A$163,$A19,MUROS!$C$4:$C$163,$B19) | D19: =SUMIFS(MUROS!$I$4:$I$163,MUROS!$A$4:$A$163,$A19,MUROS!$C$4:$C$163,$B19) | E19: =SUMIFS(MUROS!$K$4:$K$163,MUROS!$A$4:$A$163,$A19,MUROS!$C$4:$C$163,$B19) | F19: =D19-E19 | G19: =SUMIFS(MUROS!$Q$4:$Q$163,MUROS!$A$4:$A$163,$A19,MUROS!$C$4:$C$163,$B19) | H19: 17.39 | I19: 57.87 | J19: 9.77 | K19: 32.63
A20: NIVEL 2 | B20: Muro de contención de 30cm | C20: =COUNTIFS(MUROS!$A$4:$A$163,$A20,MUROS!$C$4:$C$163,$B20) | D20: =SUMIFS(MUROS!$I$4:$I$163,MUROS!$A$4:$A$163,$A20,MUROS!$C$4:$C$163,$B20) | E20: =SUMIFS(MUROS!$K$4:$K$163,MUROS!$A$4:$A$163,$A20,MUROS!$C$4:$C$163,$B20) | F20: =D20-E20 | G20: =SUMIFS(MUROS!$Q$4:$Q$163,MUROS!$A$4:$A$163,$A20,MUROS!$C$4:$C$163,$B20) | H20: 4.15 | I20: 13.28 | J20: 7.73 | K20: 28.15
A21: NIVEL 2 | B21: Subtotal | C21: =SUM(C17:C20) | D21: =SUM(D17:D20) | E21: =SUM(E17:E20) | F21: =SUM(F17:F20) | G21: =SUM(G17:G20) | H21: =SUM(H17:H20) | I21: =SUM(I17:I20) | J21: =SUM(J17:J20) | K21: =SUM(K17:K20)

Sheet PARAMETROS
A1: CASA JPS - MUROS - PARAMETROS
A3: Parametro | B3: Valor | C3: Unidad | D3: Etiqueta | E3: Fuente
A4: SÓTANO|General | B4: 4.3 | C4: m | D4: [Dato verificado] | E4: S-1 detalle MC1: 0.80 bajo NPT -3.85 + 3.50 hasta losa NPT -0.35; detalle CC1: 0.80
A5: SÓTANO|Bajo losa NPT 0.00 (ejes 5-6, A-C) | B5: 4.65 | C5: m | D5: [Cálculo] | E5: 0.80 + 3.85 (NPT -3.85 a losa NPT 0.00, S-2 simbologia y DL3); no aplica a contencion (detalle MC1 = 4.30)
A6: NIVEL 1|General | B6: 3.55 | C6: m | D6: [Cálculo] | E6: S-7/S-8: piso NPT -0.35 a losa NPT +3.20
A7: NIVEL 1|Piso NPT 0.00 (ejes 5-6, A-C) | B7: 3.2 | C7: m | D7: [Cálculo] | E7: S-2: piso NPT 0.00 entre ejes 5-6 y A-C a losa +3.20
A8: NIVEL 1|Ala este (losa +4.20) | B8: 4.55 | C8: m | D8: [Cálculo] | E8: S-7 seccion A: ala al este del eje 6, piso NPT -0.35 a losa NPT +4.20
A9: NIVEL 2|General | B9: 3.2 | C9: m | D9: [Cálculo] | E9: S-7/S-8: NPT +3.20 a NPT +6.40
A10: Altura de puerta (vano) | B10: 2.1 | C10: m | D10: [Supuesto] | E10: No esta en planos estructurales; criterio del libro

Sheet MUROS
A1: MUROS POR TRAMO - medidos del emplantillado (blocks) de cada planta
A3: Nivel | B3: ID | C3: Tipo | D3: Espesor (m) | E3: X inicio | F3: Y inicio | G3: X fin | H3: Y fin | I3: Longitud bruta (ml) | J3: No. vanos puerta | K3: Long. vanos (ml) | L3: Long. muro sin vanos (ml) | M3: Zona | N3: Altura muro (m) | O3: Area bruta (m2) | P3: Area vanos (m2) | Q3: Area neta (m2) | R3: Plano | S3: Metodo | T3: Observaciones
A4: SÓTANO | B4: SOT-01 | C4: Muro de 10cm | D4: 0.1 | E4: -10.663 | F4: -2.614 | G4: -9.961 | H4: -2.614 | I4: 0.702 | J4: 0 | K4: 0 | L4: =I4-K4 | M4: General | N4: =VLOOKUP(A4&"|"&M4,PARAMETROS!$A$4:$B$9,2,FALSE) | O4: =I4*N4 | P4: =K4*PARAMETROS!$B$10 | Q4: =O4-P4 | R4: S-1 CIMENTACION Y DETALLES | S4: Corrida de blocks colineales; union por columna/mocheta; esquina al muro mas largo
A5: SÓTANO | B5: SOT-02 | C5: Muro de 15cm | D5: 0.15 | E5: -10.553 | F5: -0.589 | G5: -2.612 | H5: -0.589 | I5: 7.941 | J5: 1 | K5: 0.7 | L5: =I5-K5 | M5: General | N5: =VLOOKUP(A5&"|"&M5,PARAMETROS!$A$4:$B$9,2,FALSE) | O5: =I5*N5 | P5: =K5*PARAMETROS!$B$10 | Q5: =O5-P5 | R5: S-1 CIMENTACION Y DETALLES | S5: Corrida de blocks colineales; union por columna/mocheta; esquina al muro mas largo
A6: SÓTANO | B6: SOT-03 | C6: Muro de 15cm | D6: 0.15 | E6: -11.511 | F6: 1.158 | G6: -2.6 | H6: 1.158 | I6: 8.911 | J6: 2 | K6: 1.8 | L6: =I6-K6 | M6: General | N6: =VLOOKUP(A6&"|"&M6,PARAMETROS!$A$4:$B$9,2,FALSE) | O6: =I6*N6 | P6: =K6*PARAMETROS!$B$10 | Q6: =O6-P6 | R6: S-1 CIMENTACION Y DETALLES | S6: Corrida de blocks colineales; union por columna/mocheta; esquina al muro mas largo
A7: SÓTANO | B7: SOT-04 | C7: Muro de 15cm | D7: 0.15 | E7: -2.6 | F7: 1.158 | G7: 1.81 | H7: 1.158 | I7: 4.41 | J7: 0 | K7: 0 | L7: =I7-K7 | M7: General | N7: =VLOOKUP(A7&"|"&M7,PARAMETROS!$A$4:$B$9,2,FALSE) | O7: =I7*N7 | P7: =K7*PARAMETROS!$B$10 | Q7: =O7-P7 | R7: S-1 CIMENTACION Y DETALLES | S7: Corrida de blocks colineales; union por columna/mocheta; esquina al muro mas largo
A8: SÓTANO | B8: SOT-05 | C8: Muro de 15cm | D8: 0.15 | E8: 1.81 | F8: 1.158 | G8: 1.889 | H8: 1.158 | I8: 0.079 | J8: 0 | K8: 0 | L8: =I8-K8 | M8: General | N8: =VLOOKUP(A8&"|"&M8,PARAMETROS!$A$4:$B$9,2,FALSE) | O8: =I8*N8 | P8: =K8*PARAMETROS!$B$10 | Q8: =O8-P8 | R8: S-1 CIMENTACION Y DETALLES | S8: Corrida de blocks colineales; union por columna/mocheta; esquina al muro mas largo | T8: Tramo corto: verificar
A9: SÓTANO | B9: SOT-06 | C9: Muro de 15cm | D9: 0.15 | E9: -15.261 | F9: 5.864 | G9: -11.511 | H9: 5.864 | I9: 3.75 | J9: 0 | K9: 0 | L9: =I9-K9 | M9: General | N9: =VLOOKUP(A9&"|"&M9,PARAMETROS!$A$4:$B$9,2,FALSE) | O9: =I9*N9 | P9: =K9*PARAMETROS!$B$10 | Q9: =O9-P9 | R9: S-1 CIMENTACION Y DETALLES | S9: Corrida de blocks colineales; union por columna/mocheta; esquina al muro mas largo
A10: SÓTANO | B10: SOT-07 | C10: Muro de 15cm | D10: 0.15 | E10: -11.511 | F10: 7.81 | G10: -2.6 | H10: 7.81 | I10: 8.911 | J10: 0 | K10: 0 | L10: =I10-K10 | M10: General | N10: =VLOOKUP(A10&"|"&M10,PARAMETROS!$A$4:$B$9,2,FALSE) | O10: =I10*N10 | P10: =K10*PARAMETROS!$B$10 | Q10: =O10-P10 | R10: S-1 CIMENTACION Y DETALLES | S10: Corrida de blocks colineales; union por columna/mocheta; esquina al muro mas largo | T10: 3 hueco(s) de columna/mocheta incluidos en la longitud
A11: SÓTANO | B11: SOT-08 | C11: Muro de 15cm | D11: 0.15 | E11: -2.6 | F11: 7.81 | G11: 1.81 | H11: 7.81 | I11: 4.41 | J11: 0 | K11: 0 | L11: =I11-K11 | M11: Bajo losa NPT 0.00 (ejes 5-6, A-C) | N11: =VLOOKUP(A11&"|"&M11,PARAMETROS!$A$4:$B$9,2,FALSE) | O11: =I11*N11 | P11: =K11*PARAMETROS!$B$10 | Q11: =O11-P11 | R11: S-1 CIMENTACION Y DETALLES | S11: Corrida de blocks colineales; union por columna/mocheta; esquina al muro mas largo | T11: 3 hueco(s) de columna/mocheta incluidos en la longitud
A12: SÓTANO | B12: SOT-09 | C12: Muro de 15cm | D12: 0.15 | E12: 1.81 | F12: 7.81 | G12: 1.889 | H12: 7.81 | I12: 0.079 | J12: 0 | K12: 0 | L12: =I12-K12 | M12: Bajo losa NPT 0.00 (ejes 5-6, A-C) | N12: =VLOOKUP(A12&"|"&M12,PARAMETROS!$A$4:$B$9,2,FALSE) | O12: =I12*N12 | P12: =K12*PARAMETROS!$B$10 | Q12: =O12-P12 | R12: S-1 CIMENTACION Y DETALLES | S12: Corrida de blocks colineales; union por columna/mocheta; esquina al muro mas largo | T12: Tramo corto: verificar; 3 hueco(s) de columna/mocheta incluidos en la longitud
A13: SÓTANO | B13: SOT-10 | C13: Muro de 15cm | D13: 0.15 | E13: 1.579 | F13: 8.76 | G13: 1.81 | H13: 8.76 | I13: 0.231 | J13: 0 | K13: 0 | L13: =I13-K13 | M13: Bajo losa NPT 0.00 (ejes 5-6, A-C) | N13: =VLOOKUP(A13&"|"&M13,PARAMETROS!$A$4:$B$9,2,FALSE) | O13: =I13*N13 | P13: =K13*PARAMETROS!$B$10 | Q13: =O13-P13 | R13: S-1 CIMENTACION Y DETALLES | S13: Corrida de blocks colineales; union por columna/mocheta; esquina al muro mas largo | T13: Tramo corto: verificar
A14: SÓTANO | B14: SOT-11 | C14: Muro de 15cm | D14: 0.15 | E14: 1.81 | F14: 8.76 | G14: 1.889 | H14: 8.76 | I14: 0.079 | J14: 0 | K14: 0 | L14: =I14-K14 | M14: Bajo losa NPT 0.00 (ejes 5-6, A-C) | N14: =VLOOKUP(A14&"|"&M14,PARAMETROS!$A$4:$B$9,2,FALSE) | O14: =I14*N14 | P14: =K14*PARAMETROS!$B$10 | Q14: =O14-P14 | R14: S-1 CIMENTACION Y DETALLES | S14: Corrida de blocks colineales; union por columna/mocheta; esquina al muro mas largo | T14: Tramo corto: verificar
A15: SÓTANO | B15: SOT-12 | C15: Muro de contención de 30cm | D15: 0.3 | E15: -10.663 | F15: -3.614 | G15: -2.6 | H15: -3.614 | I15: 8.063 | J15: 0 | K15: 0 | L15: =I15-K15 | M15: General | N15: =VLOOKUP(A15&"|"&M15,PARAMETROS!$A$4:$B$9,2,FALSE) | O15: =I15*N15 | P15: =K15*PARAMETROS!$B$10 | Q15: =O15-P15 | R15: S-1 CIMENTACION Y DETALLES | S15: Corrida de blocks colineales; union por columna/mocheta; esquina al muro mas largo
A16: SÓTANO | B16: SOT-13 | C16: Muro de contención de 30cm | D16: 0.3 | E16: -2.6 | F16: -3.614 | G16: 1.589 | H16: -3.614 | I16: 4.189 | J16: 0 | K16: 0 | L16: =I16-K16 | M16: General | N16: =VLOOKUP(A16&"|"&M16,PARAMETROS!$A$4:$B$9,2,FALSE) | O16: =I16*N16 | P16: =K16*PARAMETROS!$B$10 | Q16: =O16-P16 | R16: S-1 CIMENTACION Y DETALLES | S16: Corrida de blocks colineales; union por columna/mocheta; esquina al muro mas largo
A17: SÓTANO | B17: SOT-14 | C17: Muro de contención de 30cm | D17: 0.3 | E17: -18.955 | F17: 7.886 | G17: -11.361 | H17: 7.886 | I17: 7.594 | J17: 0 | K17: 0 | L17: =I17-K17 | M17: General | N17: =VLOOKUP(A17&"|"&M17,PARAMETROS!$A$4:$B$9,2,FALSE) | O17: =I17*N17 | P17: =K17*PARAMETROS!$B$10 | Q17: =O17-P17 | R17: S-1 CIMENTACION Y DETALLES | S17: Corrida de blocks colineales; union por columna/mocheta; esquina al muro mas largo
A18: SÓTANO | B18: SOT-15 | C18: Muro de contención de 30cm | D18: 0.3 | E18: -11.611 | F18: 8.685 | G18: -2.6 | H18: 8.685 | I18: 9.011 | J18: 0 | K18: 0 | L18: =I18-K18 | M18: General | N18: =VLOOKUP(A18&"|"&M18,PARAMETROS!$A$4:$B$9,2,FALSE) | O18: =I18*N18 | P18: =K18*PARAMETROS!$B$10 | Q18: =O18-P18 | R18: S-1 CIMENTACION Y DETALLES | S18: Corrida de blocks colineales; union por columna/mocheta; esquina al muro mas largo
A19: SÓTANO | B19: SOT-16 | C19: Muro de contención de 30cm | D19: 0.3 | E19: -2.6 | F19: 8.685 | G19: 1.81 | H19: 8.685 | I19: 4.41 | J19: 0 | K19: 0 | L19: =I19-K19 | M19: General | N19: =VLOOKUP(A19&"|"&M19,PARAMETROS!$A$4:$B$9,2,FALSE) | O19: =I19*N19 | P19: =K19*PARAMETROS!$B$10 | Q19: =O19-P19 | R19: S-1 CIMENTACION Y DETALLES | S19: Corrida de blocks colineales; union por columna/mocheta; esquina al muro mas largo
A20: SÓTANO | B20: SOT-17 | C20: Muro de contención de 30cm | D20: 0.3 | E20: 1.81 | F20: 8.685 | G20: 1.889 | H20: 8.685 | I20: 0.079 | J20: 0 | K20: 0 | L20: =I20-K20 | M20: General | N20: =VLOOKUP(A20&"|"&M20,PARAMETROS!$A$4:$B$9,2,FALSE) | O20: =I20*N20 | P20: =K20*PARAMETROS!$B$10 | Q20: =O20-P20 | R20: S-1 CIMENTACION Y DETALLES | S20: Corrida de blocks colineales; union por columna/mocheta; esquina al muro mas largo | T20: Tramo corto: verificar
A21: SÓTANO | B21: SOT-18 | C21: Muro de 15cm | D21: 0.15 | E21: -12.56 | F21: -7.342 | G21: -12.226 | H21: -6.838 | I21: 0.604 | J21: 0 | K21: 0 | L21: =I21-K21 | M21: General | N21: =VLOOKUP(A21&"|"&M21,PARAMETROS!$A$4:$B$9,2,FALSE) | O21: =I21*N21 | P21: =K21*PARAMETROS!$B$10 | Q21: =O21-P21 | R21: S-1 CIMENTACION Y DETALLES | S21: Corrida de blocks colineales; union por columna/mocheta; esquina al muro mas largo
A22: SÓTANO | B22: SOT-19 | C22: Muro de contención de 30cm | D22: 0.3 | E22: -17.703 | F22: -14.949 | G22: -10.639 | H22: -4.316 | I22: 12.765 | J22: 0 | K22: 0 | L22: =I22-K22 | M22: General | N22: =VLOOKUP(A22&"|"&M22,PARAMETROS!$A$4:$B$9,2,FALSE) | O22: =I22*N22 | P22: =K22*PARAMETROS!$B$10 | Q22: =O22-P22 | R22: S-1 CIMENTACION Y DETALLES | S22: Corrida de blocks colineales; union por columna/mocheta; esquina al muro mas largo | T22: 3 hueco(s) de columna/mocheta incluidos en la longitud
A23: SÓTANO | B23: SOT-20 | C23: Muro de contención de 30cm | D23: 0.3 | E23: -29.887 | F23: -8.298 | G23: -19.035 | H23: 8.036 | I23: 19.61 | J23: 0 | K23: 0 | L23: =I23-K23 | M23: General | N23: =VLOOKUP(A23&"|"&M23,PARAMETROS!$A$4:$B$9,2,FALSE) | O23: =I23*N23 | P23: =K23*PARAMETROS!$B$10 | Q23: =O23-P23 | R23: S-1 CIMENTACION Y DETALLES | S23: Corrida de blocks colineales; union por columna/mocheta; esquina al muro mas largo
A24: SÓTANO | B24: SOT-21 | C24: Muro de 15cm | D24: 0.15 | E24: 8.524 | F24: -3.4 | G24: 8.601 | H24: -3.215 | I24: 0.2 | J24: 0 | K24: 0 | L24: =I24-K24 | M24: General | N24: =VLOOKUP(A24&"|"&M24,PARAMETROS!$A$4:$B$9,2,FALSE) | O24: =I24*N24 | P24: =K24*PARAMETROS!$B$10 | Q24: =O24-P24 | R24: S-1 CIMENTACION Y DETALLES | S24: Corrida de blocks colineales; union por columna/mocheta; esquina al muro mas largo | T24: Tramo corto: verificar
A25: SÓTANO | B25: SOT-22 | C25: Muro de 20cm | D25: 0.2 | E25: 3.526 | F25: 1.308 | G25: 6.266 | H25: 7.878 | I25: 7.118 | J25: 0 | K25: 0 | L25: =I25-K25 | M25: General | N25: =VLOOKUP(A25&"|"&M25,PARAMETROS!$A$4:$B$9,2,FALSE) | O25: =I25*N25 | P25: =K25*PARAMETROS!$B$10 | Q25: =O25-P25 | R25: S-1 CIMENTACION Y DETALLES | S25: Corrida de blocks colineales; union por columna/mocheta; esquina al muro mas largo | T25: 2 hueco(s) de columna/mocheta incluidos en la longitud
A26: SÓTANO | B26: SOT-23 | C26: Muro de contención de 30cm | D26: 0.3 | E26: 7.4 | F26: -5.9 | G26: 12.127 | H26: 5.434 | I26: 12.28 | J26: 0 | K26: 0 | L26: =I26-K26 | M26: General | N26: =VLOOKUP(A26&"|"&M26,PARAMETROS!$A$4:$B$9,2,FALSE) | O26: =I26*N26 | P26: =K26*PARAMETROS!$B$10 | Q26: =O26-P26 | R26: S-1 CIMENTACION Y DETALLES | S26: Corrida de blocks colineales; union por columna/mocheta; esquina al muro mas largo | T26: 3 hueco(s) de columna/mocheta incluidos en la longitud
A27: SÓTANO | B27: SOT-24 | C27: Muro de 15cm | D27: 0.15 | E27: -23.849 | F27: -9.485 | G27: -23.501 | H27: -8.077 | I27: 1.45 | J27: 0 | K27: 0 | L27: =I27-K27 | M27: General | N27: =VLOOKUP(A27&"|"&M27,PARAMETROS!$A$4:$B$9,2,FALSE) | O27: =I27*N27 | P27: =K27*PARAMETROS!$B$10 | Q27: =O27-P27 | R27: S-1 CIMENTACION Y DETALLES | S27: Corrida de blocks colineales; union por columna/mocheta; esquina al muro mas largo
A28: SÓTANO | B28: SOT-25 | C28: Muro de 15cm | D28: 0.15 | E28: -26.81 | F28: -8.751 | G28: -26.45 | H28: -7.3 | I28: 1.495 | J28: 0 | K28: 0 | L28: =I28-K28 | M28: General | N28: =VLOOKUP(A28&"|"&M28,PARAMETROS!$A$4:$B$9,2,FALSE) | O28: =I28*N28 | P28: =K28*PARAMETROS!$B$10 | Q28: =O28-P28 | R28: S-1 CIMENTACION Y DETALLES | S28: Corrida de blocks colineales; union por columna/mocheta; esquina al muro mas largo
A29: SÓTANO | B29: SOT-26 | C29: Muro de contención de 30cm | D29: 0.3 | E29: -18.041 | F29: -16.934 | G29: -17.463 | H29: -14.604 | I29: 2.4 | J29: 0 | K29: 0 | L29: =I29-K29 | M29: General | N29: =VLOOKUP(A29&"|"&M29,PARAMETROS!$A$4:$B$9,2,FALSE) | O29: =I29*N29 | P29: =K29*PARAMETROS!$B$10 | Q29: =O29-P29 | R29: S-1 CIMENTACION Y DETALLES | S29: Corrida de blocks colineales; union por columna/mocheta; esquina al muro mas largo
A30: SÓTANO | B30: SOT-27 | C30: Muro de 10cm | D30: 0.1 | E30: 1.539 | F30: -3.464 | G30: 1.539 | H30: -0.514 | I30: 2.95 | J30: 0 | K30: 0 | L30: =I30-K30 | M30: General | N30: =VLOOKUP(A30&"|"&M30,PARAMETROS!$A$4:$B$9,2,FALSE) | O30: =I30*N30 | P30: =K30*PARAMETROS!$B$10 | Q30: =O30-P30 | R30: S-1 CIMENTACION Y DETALLES | S30: Corrida de blocks colineales; union por columna/mocheta; esquina al muro mas largo
A31: SÓTANO | B31: SOT-28 | C31: Muro de 10cm | D31: 0.1 | E31: -2.407 | F31: -3.464 | G31: -2.407 | H31: -0.664 | I31: 2.8 | J31: 0 | K31: 0 | L31: =I31-K31 | M31: General | N31: =VLOOKUP(A31&"|"&M31,PARAMETROS!$A$4:$B$9,2,FALSE) | O31: =I31*N31 | P31: =K31*PARAMETROS!$B$10 | Q31: =O31-P31 | R31: S-1 CIMENTACION Y DETALLES | S31: Corrida de blocks colineales; union por columna/mocheta; esquina al muro mas largo | T31: 1 hueco(s) de columna/mocheta incluidos en la longitud
A32: SÓTANO | B32: SOT-29 | C32: Muro de 10cm | D32: 0.1 | E32: -9.108 | F32: -3.464 | G32: -9.108 | H32: -2.84 | I32: 0.624 | J32: 0 | K32: 0 | L32: =I32-K32 | M32: General | N32: =VLOOKUP(A32&"|"&M32,PARAMETROS!$A$4:$B$9,2,FALSE) | O32: =I32*N32 | P32: =K32*PARAMETROS!$B$10 | Q32: =O32-P32 | R32: S-1 CIMENTACION Y DETALLES | S32: Corrida de blocks colineales; union por columna/mocheta; esquina al muro mas largo
A33: SÓTANO | B33: SOT-30 | C33: Muro de 10cm | D33: 0.1 | E33: -10.713 | F33: -4.156 | G33: -10.713 | H33: -2.564 | I33: 1.593 | J33: 0 | K33: 0 | L33: =I33-K33 | M33: General | N33: =VLOOKUP(A33&"|"&M33,PARAMETROS!$A$4:$B$9,2,FALSE) | O33: =I33*N33 | P33: =K33*PARAMETROS!$B$10 | Q33: =O33-P33 | R33: S-1 CIMENTACION Y DETALLES | S33: Corrida de blocks colineales; union por columna/mocheta; esquina al muro mas largo
A34: SÓTANO | B34: SOT-31 | C34: Muro de 15cm | D34: 0.15 | E34: -2.687 | F34: -3.464 | G34: -2.687 | H34: -0.664 | I34: 2.8 | J34: 0 | K34: 0 | L34: =I34-K34 | M34: General | N34: =VLOOKUP(A34&"|"&M34,PARAMETROS!$A$4:$B$9,2,FALSE) | O34: =I34*N34 | P34: =K34*PARAMETROS!$B$10 | Q34: =O34-P34 | R34: S-1 CIMENTACION Y DETALLES | S34: Corrida de blocks colineales; union por columna/mocheta; esquina al muro mas largo | T34: 1 hueco(s) de columna/mocheta incluidos en la longitud
A35: SÓTANO | B35: SOT-32 | C35: Muro de 15cm | D35: 0.15 | E35: -5.038 | F35: -3.464 | G35: -5.038 | H35: -0.664 | I35: 2.8 | J35: 0 | K35: 0 | L35: =I35-K35 | M35: General | N35: =VLOOKUP(A35&"|"&M35,PARAMETROS!$A$4:$B$9,2,FALSE) | O35: =I35*N35 | P35: =K35*PARAMETROS!$B$10 | Q35: =O35-P35 | R35: S-1 CIMENTACION Y DETALLES | S35: Corrida de blocks colineales; union por columna/mocheta; esquina al muro mas largo
A36: SÓTANO | B36: SOT-33 | C36: Muro de 15cm | D36: 0.15 | E36: -10.688 | F36: 0.428 | G36: -10.688 | H36: 1.083 | I36: 0.655 | J36: 0 | K36: 0 | L36: =I36-K36 | M36: General | N36: =VLOOKUP(A36&"|"&M36,PARAMETROS!$A$4:$B$9,2,FALSE) | O36: =I36*N36 | P36: =K36*PARAMETROS!$B$10 | Q36: =O36-P36 | R36: S-1 CIMENTACION Y DETALLES | S36: Corrida de blocks colineales; union por columna/mocheta; esquina al muro mas largo
A37: SÓTANO | B37: SOT-34 | C37: Muro de 15cm | D37: 0.15 | E37: -11.436 | F37: 1.233 | G37: -11.436 | H37: 7.735 | I37: 6.502 | J37: 0 | K37: 0 | L37: =I37-K37 | M37: General | N37: =VLOOKUP(A37&"|"&M37,PARAMETROS!$A$4:$B$9,2,FALSE) | O37: =I37*N37 | P37: =K37*PARAMETROS!$B$10 | Q37: =O37-P37 | R37: S-1 CIMENTACION Y DETALLES | S37: Corrida de blocks colineales; union por columna/mocheta; esquina al muro mas largo
A38: SÓTANO | B38: SOT-35 | C38: Muro de 15cm | D38: 0.15 | E38: -16.426 | F38: 5.939 | G38: -16.426 | H38: 7.736 | I38: 1.797 | J38: 0 | K38: 0 | L38: =I38-K38 | M38: General | N38: =VLOOKUP(A38&"|"&M38,PARAMETROS!$A$4:$B$9,2,FALSE) | O38: =I38*N38 | P38: =K38*PARAMETROS!$B$10 | Q38: =O38-P38 | R38: S-1 CIMENTACION Y DETALLES | S38: Corrida de blocks colineales; union por columna/mocheta; esquina al muro mas largo
A39: SÓTANO | B39: SOT-36 | C39: Muro de 20cm | D39: 0.2 | E39: 1.989 | F39: -3.564 | G39: 1.989 | H39: 1.526 | I39: 5.09 | J39: 0 | K39: 0 | L39: =I39-K39 | M39: General | N39: =VLOOKUP(A39&"|"&M39,PARAMETROS!$A$4:$B$9,2,FALSE) | O39: =I39*N39 | P39: =K39*PARAMETROS!$B$10 | Q39: =O39-P39 | R39: S-1 CIMENTACION Y DETALLES | S39: Corrida de blocks colineales; union por columna/mocheta; esquina al muro mas largo
A40: SÓTANO | B40: SOT-37 | C40: Muro de 20cm | D40: 0.2 | E40: 1.789 | F40: 1.233 | G40: 1.789 | H40: 7.522 | I40: 6.289 | J40: 0 | K40: 0 | L40: =I40-K40 | M40: Bajo losa NPT 0.00 (ejes 5-6, A-C) | N40: =VLOOKUP(A40&"|"&M40,PARAMETROS!$A$4:$B$9,2,FALSE) | O40: =I40*N40 | P40: =K40*PARAMETROS!$B$10 | Q40: =O40-P40 | R40: S-1 CIMENTACION Y DETALLES | S40: Corrida de blocks colineales; union por columna/mocheta; esquina al muro mas largo
A41: SÓTANO | B41: SOT-38 | C41: Muro de contención de 30cm | D41: 0.3 | E41: 1.739 | F41: 7.885 | G41: 1.739 | H41: 8.676 | I41: 0.791 | J41: 0 | K41: 0 | L41: =I41-K41 | M41: General | N41: =VLOOKUP(A41&"|"&M41,PARAMETROS!$A$4:$B$9,2,FALSE) | O41: =I41*N41 | P41: =K41*PARAMETROS!$B$10 | Q41: =O41-P41 | R41: S-1 CIMENTACION Y DETALLES | S41: Corrida de blocks colineales; union por columna/mocheta; esquina al muro mas largo
A42: SÓTANO | B42: SOT-39 | C42: Muro de 20cm | D42: 0.2 | E42: -19.594 | F42: -2.089 | G42: -21.494 | H42: -0.826 | I42: 2.281 | J42: 0 | K42: 0 | L42: =I42-K42 | M42: General | N42: =VLOOKUP(A42&"|"&M42,PARAMETROS!$A$4:$B$9,2,FALSE) | O42: =I42*N42 | P42: =K42*PARAMETROS!$B$10 | Q42: =O42-P42 | R42: S-1 CIMENTACION Y DETALLES | S42: Corrida de blocks colineales; union por columna/mocheta; esquina al muro mas largo
A43: SÓTANO | B43: SOT-40 | C43: Muro de contención de 30cm | D43: 0.3 | E43: 11.222 | F43: 3.655 | G43: 10.622 | H43: 3.905 | I43: 0.65 | J43: 0 | K43: 0 | L43: =I43-K43 | M43: General | N43: =VLOOKUP(A43&"|"&M43,PARAMETROS!$A$4:$B$9,2,FALSE) | O43: =I43*N43 | P43: =K43*PARAMETROS!$B$10 | Q43: =O43-P43 | R43: S-1 CIMENTACION Y DETALLES | S43: Corrida de blocks colineales; union por columna/mocheta; esquina al muro mas largo
A44: SÓTANO | B44: SOT-41 | C44: Muro de contención de 30cm | D44: 0.3 | E44: 8.582 | F44: 4.756 | G44: 8.222 | H44: 4.906 | I44: 0.39 | J44: 0 | K44: 0 | L44: =I44-K44 | M44: General | N44: =VLOOKUP(A44&"|"&M44,PARAMETROS!$A$4:$B$9,2,FALSE) | O44: =I44*N44 | P44: =K44*PARAMETROS!$B$10 | Q44: =O44-P44 | R44: S-1 CIMENTACION Y DETALLES | S44: Corrida de blocks colineales; union por columna/mocheta; esquina al muro mas largo | T44: Tramo corto: verificar
A45: SÓTANO | B45: SOT-42 | C45: Muro de contención de 30cm | D45: 0.3 | E45: 6.285 | F45: 5.714 | G45: 5.592 | H45: 6.003 | I45: 0.75 | J45: 0 | K45: 0 | L45: =I45-K45 | M45: General | N45: =VLOOKUP(A45&"|"&M45,PARAMETROS!$A$4:$B$9,2,FALSE) | O45: =I45*N45 | P45: =K45*PARAMETROS!$B$10 | Q45: =O45-P45 | R45: S-1 CIMENTACION Y DETALLES | S45: Corrida de blocks colineales; union por columna/mocheta; esquina al muro mas largo
A46: SÓTANO | B46: SOT-43 | C46: Muro de contención de 30cm | D46: 0.3 | E46: 5.326 | F46: 5.884 | G46: 1.889 | H46: 7.318 | I46: 3.724 | J46: 0 | K46: 0 | L46: =I46-K46 | M46: General | N46: =VLOOKUP(A46&"|"&M46,PARAMETROS!$A$4:$B$9,2,FALSE) | O46: =I46*N46 | P46: =K46*PARAMETROS!$B$10 | Q46: =O46-P46 | R46: S-1 CIMENTACION Y DETALLES | S46: Corrida de blocks colineales; union por columna/mocheta; esquina al muro mas largo
A47: SÓTANO | B47: SOT-44 | C47: Muro de contención de 30cm | D47: 0.3 | E47: 3.847 | F47: -4.808 | G47: 2.089 | H47: -4.075 | I47: 1.904 | J47: 0 | K47: 0 | L47: =I47-K47 | M47: General | N47: =VLOOKUP(A47&"|"&M47,PARAMETROS!$A$4:$B$9,2,FALSE) | O47: =I47*N47 | P47: =K47*PARAMETROS!$B$10 | Q47: =O47-P47 | R47: S-1 CIMENTACION Y DETALLES | S47: Corrida de blocks colineales; union por columna/mocheta; esquina al muro mas largo
A48: SÓTANO | B48: SOT-45 | C48: Muro de 15cm | D48: 0.15 | E48: -25.287 | F48: -6.682 | G48: -28.16 | H48: -5.97 | I48: 2.96 | J48: 0 | K48: 0 | L48: =I48-K48 | M48: General | N48: =VLOOKUP(A48&"|"&M48,PARAMETROS!$A$4:$B$9,2,FALSE) | O48: =I48*N48 | P48: =K48*PARAMETROS!$B$10 | Q48: =O48-P48 | R48: S-1 CIMENTACION Y DETALLES | S48: Corrida de blocks colineales; union por columna/mocheta; esquina al muro mas largo
A49: SÓTANO | B49: SOT-46 | C49: Muro de 15cm | D49: 0.15 | E49: -23.591 | F49: -8.132 | G49: -25.693 | H49: -7.611 | I49: 2.165 | J49: 0 | K49: 0 | L49: =I49-K49 | M49: General | N49: =VLOOKUP(A49&"|"&M49,PARAMETROS!$A$4:$B$9,2,FALSE) | O49: =I49*N49 | P49: =K49*PARAMETROS!$B$10 | Q49: =O49-P49 | R49: S-1 CIMENTACION Y DETALLES | S49: Corrida de blocks colineales; union por columna/mocheta; esquina al muro mas largo
A50: SÓTANO | B50: SOT-47 | C50: Muro de 15cm | D50: 0.15 | E50: -32.976 | F50: -13.464 | G50: -33.156 | H50: -13.419 | I50: 0.185 | J50: 0 | K50: 0 | L50: =I50-K50 | M50: General | N50: =VLOOKUP(A50&"|"&M50,PARAMETROS!$A$4:$B$9,2,FALSE) | O50: =I50*N50 | P50: =K50*PARAMETROS!$B$10 | Q50: =O50-P50 | R50: S-1 CIMENTACION Y DETALLES | S50: Corrida de blocks colineales; union por columna/mocheta; esquina al muro mas largo | T50: Tramo corto: verificar
A51: SÓTANO | B51: SOT-48 | C51: Muro de contención de 30cm | D51: 0.3 | E51: -20.852 | F51: -10.382 | G51: -29.644 | H51: -8.203 | I51: 9.058 | J51: 0 | K51: 0 | L51: =I51-K51 | M51: General | N51: =VLOOKUP(A51&"|"&M51,PARAMETROS!$A$4:$B$9,2,FALSE) | O51: =I51*N51 | P51: =K51*PARAMETROS!$B$10 | Q51: =O51-P51 | R51: S-1 CIMENTACION Y DETALLES | S51: Corrida de blocks colineales; union por columna/mocheta; esquina al muro mas largo | T51: 2 hueco(s) de columna/mocheta incluidos en la longitud
A52: SÓTANO | B52: SOT-49 | C52: Muro de contención de 30cm | D52: 0.3 | E52: -17.931 | F52: -17.115 | G52: -32.958 | H52: -13.391 | I52: 15.482 | J52: 0 | K52: 0 | L52: =I52-K52 | M52: General | N52: =VLOOKUP(A52&"|"&M52,PARAMETROS!$A$4:$B$9,2,FALSE) | O52: =I52*N52 | P52: =K52*PARAMETROS!$B$10 | Q52: =O52-P52 | R52: S-1 CIMENTACION Y DETALLES | S52: Corrida de blocks colineales; union por columna/mocheta; esquina al muro mas largo
A53: NIVEL 1 | B53: N1-01 | C53: Muro de 15cm | D53: 0.15 | E53: -12.916 | F53: 1.158 | G53: -11.511 | H53: 1.158 | I53: 1.405 | J53: 0 | K53: 0 | L53: =I53-K53 | M53: General | N53: =VLOOKUP(A53&"|"&M53,PARAMETROS!$A$4:$B$9,2,FALSE) | O53: =I53*N53 | P53: =K53*PARAMETROS!$B$10 | Q53: =O53-P53 | R53: S-3 EMPLANTILLADO NIVEL 1 | S53: Corrida de blocks colineales; union por columna/mocheta; esquina al muro mas largo
A54: NIVEL 1 | B54: N1-02 | C54: Muro de 15cm | D54: 0.15 | E54: -4.411 | F54: 1.178 | G54: -2.6 | H54: 1.178 | I54: 1.811 | J54: 0 | K54: 0 | L54: =I54-K54 | M54: General | N54: =VLOOKUP(A54&"|"&M54,PARAMETROS!$A$4:$B$9,2,FALSE) | O54: =I54*N54 | P54: =K54*PARAMETROS!$B$10 | Q54: =O54-P54 | R54: S-3 EMPLANTILLADO NIVEL 1 | S54: Corrida de blocks colineales; union por columna/mocheta; esquina al muro mas largo
A55: NIVEL 1 | B55: N1-03 | C55: Muro de 15cm | D55: 0.15 | E55: -2.6 | F55: 1.178 | G55: -2.357 | H55: 1.178 | I55: 0.243 | J55: 0 | K55: 0 | L55: =I55-K55 | M55: General | N55: =VLOOKUP(A55&"|"&M55,PARAMETROS!$A$4:$B$9,2,FALSE) | O55: =I55*N55 | P55: =K55*PARAMETROS!$B$10 | Q55: =O55-P55 | R55: S-3 EMPLANTILLADO NIVEL 1 | S55: Corrida de blocks colineales; union por columna/mocheta; esquina al muro mas largo | T55: Tramo corto: verificar
A56: NIVEL 1 | B56: N1-04 | C56: Muro de 15cm | D56: 0.15 | E56: -14.651 | F56: 5.864 | G56: -11.511 | H56: 5.864 | I56: 3.14 | J56: 0 | K56: 0 | L56: =I56-K56 | M56: General | N56: =VLOOKUP(A56&"|"&M56,PARAMETROS!$A$4:$B$9,2,FALSE) | O56: =I56*N56 | P56: =K56*PARAMETROS!$B$10 | Q56: =O56-P56 | R56: S-3 EMPLANTILLADO NIVEL 1 | S56: Corrida de blocks colineales; union por columna/mocheta; esquina al muro mas largo
A57: NIVEL 1 | B57: N1-05 | C57: Muro de 15cm | D57: 0.15 | E57: -14.851 | F57: 7.811 | G57: -11.511 | H57: 7.811 | I57: 3.34 | J57: 0 | K57: 0 | L57: =I57-K57 | M57: General | N57: =VLOOKUP(A57&"|"&M57,PARAMETROS!$A$4:$B$9,2,FALSE) | O57: =I57*N57 | P57: =K57*PARAMETROS!$B$10 | Q57: =O57-P57 | R57: S-3 EMPLANTILLADO NIVEL 1 | S57: Corrida de blocks colineales; union por columna/mocheta; esquina al muro mas largo
A58: NIVEL 1 | B58: N1-06 | C58: Muro de 15cm | D58: 0.15 | E58: -11.511 | F58: 8.685 | G58: -8.471 | H58: 8.685 | I58: 3.04 | J58: 0 | K58: 0 | L58: =I58-K58 | M58: General | N58: =VLOOKUP(A58&"|"&M58,PARAMETROS!$A$4:$B$9,2,FALSE) | O58: =I58*N58 | P58: =K58*PARAMETROS!$B$10 | Q58: =O58-P58 | R58: S-3 EMPLANTILLADO NIVEL 1 | S58: Corrida de blocks colineales; union por columna/mocheta; esquina al muro mas largo
A59: NIVEL 1 | B59: N1-07 | C59: Muro de 15cm | D59: 0.15 | E59: -4.411 | F59: 8.695 | G59: -2.6 | H59: 8.695 | I59: 1.811 | J59: 0 | K59: 0 | L59: =I59-K59 | M59: General | N59: =VLOOKUP(A59&"|"&M59,PARAMETROS!$A$4:$B$9,2,FALSE) | O59: =I59*N59 | P59: =K59*PARAMETROS!$B$10 | Q59: =O59-P59 | R59: S-3 EMPLANTILLADO NIVEL 1 | S59: Corrida de blocks colineales; union por columna/mocheta; esquina al muro mas largo
A60: NIVEL 1 | B60: N1-08 | C60: Muro de 15cm | D60: 0.15 | E60: -2.6 | F60: 8.695 | G60: -2.511 | H60: 8.695 | I60: 0.089 | J60: 0 | K60: 0 | L60: =I60-K60 | M60: Piso NPT 0.00 (ejes 5-6, A-C) | N60: =VLOOKUP(A60&"|"&M60,PARAMETROS!$A$4:$B$9,2,FALSE) | O60: =I60*N60 | P60: =K60*PARAMETROS!$B$10 | Q60: =O60-P60 | R60: S-3 EMPLANTILLADO NIVEL 1 | S60: Corrida de blocks colineales; union por columna/mocheta; esquina al muro mas largo | T60: Tramo corto: verificar
A61: NIVEL 1 | B61: N1-09 | C61: Muro de 20cm | D61: 0.2 | E61: -2.907 | F61: -3.664 | G61: -2.6 | H61: -3.664 | I61: 0.307 | J61: 0 | K61: 0 | L61: =I61-K61 | M61: General | N61: =VLOOKUP(A61&"|"&M61,PARAMETROS!$A$4:$B$9,2,FALSE) | O61: =I61*N61 | P61: =K61*PARAMETROS!$B$10 | Q61: =O61-P61 | R61: S-3 EMPLANTILLADO NIVEL 1 | S61: Corrida de blocks colineales; union por columna/mocheta; esquina al muro mas largo | T61: Tramo corto: verificar
A62: NIVEL 1 | B62: N1-10 | C62: Muro de 20cm | D62: 0.2 | E62: -2.6 | F62: -3.664 | G62: 1.589 | H62: -3.664 | I62: 4.189 | J62: 1 | K62: 1.35 | L62: =I62-K62 | M62: General | N62: =VLOOKUP(A62&"|"&M62,PARAMETROS!$A$4:$B$9,2,FALSE) | O62: =I62*N62 | P62: =K62*PARAMETROS!$B$10 | Q62: =O62-P62 | R62: S-3 EMPLANTILLADO NIVEL 1 | S62: Corrida de blocks colineales; union por columna/mocheta; esquina al muro mas largo
A63: NIVEL 1 | B63: N1-11 | C63: Muro de 20cm | D63: 0.2 | E63: -12.717 | F63: 1.458 | G63: -11.521 | H63: 1.458 | I63: 1.196 | J63: 0 | K63: 0 | L63: =I63-K63 | M63: General | N63: =VLOOKUP(A63&"|"&M63,PARAMETROS!$A$4:$B$9,2,FALSE) | O63: =I63*N63 | P63: =K63*PARAMETROS!$B$10 | Q63: =O63-P63 | R63: S-3 EMPLANTILLADO NIVEL 1 | S63: Corrida de blocks colineales; union por columna/mocheta; esquina al muro mas largo
A64: NIVEL 1 | B64: N1-12 | C64: Muro de 20cm | D64: 0.2 | E64: -4.411 | F64: 6.56 | G64: -2.645 | H64: 6.56 | I64: 1.766 | J64: 0 | K64: 0 | L64: =I64-K64 | M64: General | N64: =VLOOKUP(A64&"|"&M64,PARAMETROS!$A$4:$B$9,2,FALSE) | O64: =I64*N64 | P64: =K64*PARAMETROS!$B$10 | Q64: =O64-P64 | R64: S-3 EMPLANTILLADO NIVEL 1 | S64: Corrida de blocks colineales; union por columna/mocheta; esquina al muro mas largo
A65: NIVEL 1 | B65: N1-13 | C65: Muro de 15cm | D65: 0.15 | E65: -14.23 | F65: -9.582 | G65: -12.905 | H65: -7.588 | I65: 2.394 | J65: 0 | K65: 0 | L65: =I65-K65 | M65: General | N65: =VLOOKUP(A65&"|"&M65,PARAMETROS!$A$4:$B$9,2,FALSE) | O65: =I65*N65 | P65: =K65*PARAMETROS!$B$10 | Q65: =O65-P65 | R65: S-3 EMPLANTILLADO NIVEL 1 | S65: Corrida de blocks colineales; union por columna/mocheta; esquina al muro mas largo
A66: NIVEL 1 | B66: N1-14 | C66: Muro de 15cm | D66: 0.15 | E66: -14.974 | F66: -7.861 | G66: -13.757 | H66: -6.03 | I66: 2.198 | J66: 0 | K66: 0 | L66: =I66-K66 | M66: General | N66: =VLOOKUP(A66&"|"&M66,PARAMETROS!$A$4:$B$9,2,FALSE) | O66: =I66*N66 | P66: =K66*PARAMETROS!$B$10 | Q66: =O66-P66 | R66: S-3 EMPLANTILLADO NIVEL 1 | S66: Corrida de blocks colineales; union por columna/mocheta; esquina al muro mas largo
A67: NIVEL 1 | B67: N1-15 | C67: Muro de 15cm | D67: 0.15 | E67: -17.737 | F67: -10.89 | G67: -17.319 | H67: -10.26 | I67: 0.756 | J67: 0 | K67: 0 | L67: =I67-K67 | M67: General | N67: =VLOOKUP(A67&"|"&M67,PARAMETROS!$A$4:$B$9,2,FALSE) | O67: =I67*N67 | P67: =K67*PARAMETROS!$B$10 | Q67: =O67-P67 | R67: S-3 EMPLANTILLADO NIVEL 1 | S67: Corrida de blocks colineales; union por columna/mocheta; esquina al muro mas largo
A68: NIVEL 1 | B68: N1-16 | C68: Muro de 15cm | D68: 0.15 | E68: -16.027 | F68: -8.182 | G68: -15.64 | H68: -7.599 | I68: 0.7 | J68: 0 | K68: 0 | L68: =I68-K68 | M68: General | N68: =VLOOKUP(A68&"|"&M68,PARAMETROS!$A$4:$B$9,2,FALSE) | O68: =I68*N68 | P68: =K68*PARAMETROS!$B$10 | Q68: =O68-P68 | R68: S-3 EMPLANTILLADO NIVEL 1 | S68: Corrida de blocks colineales; union por columna/mocheta; esquina al muro mas largo
A69: NIVEL 1 | B69: N1-17 | C69: Muro de 15cm | D69: 0.15 | E69: -16.098 | F69: -7.114 | G69: -14.881 | H69: -5.283 | I69: 2.198 | J69: 1 | K69: 0.709 | L69: =I69-K69 | M69: General | N69: =VLOOKUP(A69&"|"&M69,PARAMETROS!$A$4:$B$9,2,FALSE) | O69: =I69*N69 | P69: =K69*PARAMETROS!$B$10 | Q69: =O69-P69 | R69: S-3 EMPLANTILLADO NIVEL 1 | S69: Corrida de blocks colineales; union por columna/mocheta; esquina al muro mas largo
A70: NIVEL 1 | B70: N1-18 | C70: Muro de 15cm | D70: 0.15 | E70: -16.343 | F70: -4.131 | G70: -15.817 | H70: -3.34 | I70: 0.95 | J70: 0 | K70: 0 | L70: =I70-K70 | M70: General | N70: =VLOOKUP(A70&"|"&M70,PARAMETROS!$A$4:$B$9,2,FALSE) | O70: =I70*N70 | P70: =K70*PARAMETROS!$B$10 | Q70: =O70-P70 | R70: S-3 EMPLANTILLADO NIVEL 1 | S70: Corrida de blocks colineales; union por columna/mocheta; esquina al muro mas largo
A71: NIVEL 1 | B71: N1-19 | C71: Muro de 15cm | D71: 0.15 | E71: -13.159 | F71: 0.658 | G71: -12.833 | H71: 1.149 | I71: 0.59 | J71: 0 | K71: 0 | L71: =I71-K71 | M71: General | N71: =VLOOKUP(A71&"|"&M71,PARAMETROS!$A$4:$B$9,2,FALSE) | O71: =I71*N71 | P71: =K71*PARAMETROS!$B$10 | Q71: =O71-P71 | R71: S-3 EMPLANTILLADO NIVEL 1 | S71: Corrida de blocks colineales; union por columna/mocheta; esquina al muro mas largo
A72: NIVEL 1 | B72: N1-20 | C72: Muro de 15cm | D72: 0.15 | E72: -18.721 | F72: -5.37 | G72: -17.504 | H72: -3.539 | I72: 2.198 | J72: 1 | K72: 0.91 | L72: =I72-K72 | M72: General | N72: =VLOOKUP(A72&"|"&M72,PARAMETROS!$A$4:$B$9,2,FALSE) | O72: =I72*N72 | P72: =K72*PARAMETROS!$B$10 | Q72: =O72-P72 | R72: S-3 EMPLANTILLADO NIVEL 1 | S72: Corrida de blocks colineales; union por columna/mocheta; esquina al muro mas largo
A73: NIVEL 1 | B73: N1-21 | C73: Muro de 15cm | D73: 0.15 | E73: -21.853 | F73: -7.914 | G73: -18.504 | H73: -2.874 | I73: 6.051 | J73: 1 | K73: 1.3 | L73: =I73-K73 | M73: General | N73: =VLOOKUP(A73&"|"&M73,PARAMETROS!$A$4:$B$9,2,FALSE) | O73: =I73*N73 | P73: =K73*PARAMETROS!$B$10 | Q73: =O73-P73 | R73: S-3 EMPLANTILLADO NIVEL 1 | S73: Corrida de blocks colineales; union por columna/mocheta; esquina al muro mas largo
... A79: NIVEL 1 | B79: N1-27 | C79: Muro de 15cm | D79: 0.15 | E79: 2.224 | F79: 5.406 | G79: 2.8 | H79: 6.788 | I79: 1.497 | J79: 0 | K79: 0 | L79: =I79-K79 | M79: Ala este (losa +4.20) | N79: =VLOOKUP(A79&"|"&M79,PARAMETROS!$A$4:$B$9,2,FALSE) | O79: =I79*N79 | P79: =K79*PARAMETROS!$B$10 | Q79: =O79-P79 | R79: S-3 EMPLANTILLADO NIVEL 1 | S79: Corrida de blocks colineales; union por columna/mocheta; esquina al muro mas largo
A80: NIVEL 1 | B80: N1-28 | C80: Muro de 20cm | D80: 0.2 | E80: 7.442 | F80: -5.928 | G80: 11.268 | H80: 3.246 | I80: 9.94 | J80: 0 | K80: 0 | L80: =I80-K80 | M80: Ala este (losa +4.20) | N80: =VLOOKUP(A80&"|"&M80,PARAMETROS!$A$4:$B$9,2,FALSE) | O80: =I80*N80 | P80: =K80*PARAMETROS!$B$10 | Q80: =O80-P80 | R80: S-3 EMPLANTILLADO NIVEL 1 | S80: Corrida de blocks colineales; union por columna/mocheta; esquina al muro mas largo | T80: 1 hueco(s) de columna/mocheta incluidos en la longitud
A81: NIVEL 1 | B81: N1-29 | C81: Muro de 10cm | D81: 0.1 | E81: 1.539 | F81: -3.564 | G81: 1.539 | H81: 0.929 | I81: 4.493 | J81: 0 | K81: 0 | L81: =I81-K81 | M81: General | N81: =VLOOKUP(A81&"|"&M81,PARAMETROS!$A$4:$B$9,2,FALSE) | O81: =I81*N81 | P81: =K81*PARAMETROS!$B$10 | Q81: =O81-P81 | R81: S-3 EMPLANTILLADO NIVEL 1 | S81: Corrida de blocks colineales; union por columna/mocheta; esquina al muro mas largo
A82: NIVEL 1 | B82: N1-30 | C82: Muro de 10cm | D82: 0.1 | E82: -2.407 | F82: -3.564 | G82: -2.407 | H82: 1.103 | I82: 4.667 | J82: 1 | K82: 0.662 | L82: =I82-K82 | M82: General | N82: =VLOOKUP(A82&"|"&M82,PARAMETROS!$A$4:$B$9,2,FALSE) | O82: =I82*N82 | P82: =K82*PARAMETROS!$B$10 | Q82: =O82-P82 | R82: S-3 EMPLANTILLADO NIVEL 1 | S82: Corrida de blocks colineales; union por columna/mocheta; esquina al muro mas largo
A83: NIVEL 1 | B83: N1-31 | C83: Muro de 15cm | D83: 0.15 | E83: 1.814 | F83: 5.578 | G83: 1.814 | H83: 8.275 | I83: 2.698 | J83: 0 | K83: 0 | L83: =I83-K83 | M83: Piso NPT 0.00 (ejes 5-6, A-C) | N83: =VLOOKUP(A83&"|"&M83,PARAMETROS!$A$4:$B$9,2,FALSE) | O83: =I83*N83 | P83: =K83*PARAMETROS!$B$10 | Q83: =O83-P83 | R83: S-3 EMPLANTILLADO NIVEL 1 | S83: Corrida de blocks colineales; union por columna/mocheta; esquina al muro mas largo | T83: 1 hueco(s) de columna/mocheta incluidos en la longitud
A84: NIVEL 1 | B84: N1-32 | C84: Muro de 15cm | D84: 0.15 | E84: 1.564 | F84: 5.519 | G84: 1.564 | H84: 8.795 | I84: 3.276 | J84: 0 | K84: 0 | L84: =I84-K84 | M84: Piso NPT 0.00 (ejes 5-6, A-C) | N84: =VLOOKUP(A84&"|"&M84,PARAMETROS!$A$4:$B$9,2,FALSE) | O84: =I84*N84 | P84: =K84*PARAMETROS!$B$10 | Q84: =O84-P84 | R84: S-3 EMPLANTILLADO NIVEL 1 | S84: Corrida de blocks colineales; union por columna/mocheta; esquina al muro mas largo | T84: 1 hueco(s) de columna/mocheta incluidos en la longitud
A85: NIVEL 1 | B85: N1-33 | C85: Muro de 15cm | D85: 0.15 | E85: -2.586 | F85: 7.36 | G85: -2.586 | H85: 8.62 | I85: 1.26 | J85: 0 | K85: 0 | L85: =I85-K85 | M85: Piso NPT 0.00 (ejes 5-6, A-C) | N85: =VLOOKUP(A85&"|"&M85,PARAMETROS!$A$4:$B$9,2,FALSE) | O85: =I85*N85 | P85: =K85*PARAMETROS!$B$10 | Q85: =O85-P85 | R85: S-3 EMPLANTILLADO NIVEL 1 | S85: Corrida de blocks colineales; union por columna/mocheta; esquina al muro mas largo
A86: NIVEL 1 | B86: N1-34 | C86: Muro de 15cm | D86: 0.15 | E86: -2.832 | F86: -3.564 | G86: -2.832 | H86: -2.359 | I86: 1.205 | J86: 0 | K86: 0 | L86: =I86-K86 | M86: General | N86: =VLOOKUP(A86&"|"&M86,PARAMETROS!$A$4:$B$9,2,FALSE) | O86: =I86*N86 | P86: =K86*PARAMETROS!$B$10 | Q86: =O86-P86 | R86: S-3 EMPLANTILLADO NIVEL 1 | S86: Corrida de blocks colineales; union por columna/mocheta; esquina al muro mas largo
A87: NIVEL 1 | B87: N1-35 | C87: Muro de 15cm | D87: 0.15 | E87: -4.336 | F87: 6.66 | G87: -4.336 | H87: 8.62 | I87: 1.96 | J87: 0 | K87: 0 | L87: =I87-K87 | M87: General | N87: =VLOOKUP(A87&"|"&M87,PARAMETROS!$A$4:$B$9,2,FALSE) | O87: =I87*N87 | P87: =K87*PARAMETROS!$B$10 | Q87: =O87-P87 | R87: S-3 EMPLANTILLADO NIVEL 1 | S87: Corrida de blocks colineales; union por columna/mocheta; esquina al muro mas largo
A88: NIVEL 1 | B88: N1-36 | C88: Muro de 15cm | D88: 0.15 | E88: -11.436 | F88: 2.71 | G88: -11.436 | H88: 8.61 | I88: 5.9 | J88: 0 | K88: 0 | L88: =I88-K88 | M88: General | N88: =VLOOKUP(A88&"|"&M88,PARAMETROS!$A$4:$B$9,2,FALSE) | O88: =I88*N88 | P88: =K88*PARAMETROS!$B$10 | Q88: =O88-P88 | R88: S-3 EMPLANTILLADO NIVEL 1 | S88: Corrida de blocks colineales; union por columna/mocheta; esquina al muro mas largo
A89: NIVEL 1 | B89: N1-37 | C89: Muro de 15cm | D89: 0.15 | E89: -14.776 | F89: 6.821 | G89: -14.776 | H89: 7.736 | I89: 0.915 | J89: 0 | K89: 0 | L89: =I89-K89 | M89: General | N89: =VLOOKUP(A89&"|"&M89,PARAMETROS!$A$4:$B$9,2,FALSE) | O89: =I89*N89 | P89: =K89*PARAMETROS!$B$10 | Q89: =O89-P89 | R89: S-3 EMPLANTILLADO NIVEL 1 | S89: Corrida de blocks colineales; union por columna/mocheta; esquina al muro mas largo
A90: NIVEL 1 | B90: N1-38 | C90: Muro de 15cm | D90: 0.15 | E90: -16.426 | F90: 5.532 | G90: -16.426 | H90: 6.971 | I90: 1.44 | J90: 0 | K90: 0 | L90: =I90-K90 | M90: General | N90: =VLOOKUP(A90&"|"&M90,PARAMETROS!$A$4:$B$9,2,FALSE) | O90: =I90*N90 | P90: =K90*PARAMETROS!$B$10 | Q90: =O90-P90 | R90: S-3 EMPLANTILLADO NIVEL 1 | S90: Corrida de blocks colineales; union por columna/mocheta; esquina al muro mas largo
A91: NIVEL 1 | B91: N1-39 | C91: Muro de 20cm | D91: 0.2 | E91: 1.989 | F91: -3.764 | G91: 1.989 | H91: 1.526 | I91: 5.29 | J91: 0 | K91: 0 | L91: =I91-K91 | M91: General | N91: =VLOOKUP(A91&"|"&M91,PARAMETROS!$A$4:$B$9,2,FALSE) | O91: =I91*N91 | P91: =K91*PARAMETROS!$B$10 | Q91: =O91-P91 | R91: S-3 EMPLANTILLADO NIVEL 1 | S91: Corrida de blocks colineales; union por columna/mocheta; esquina al muro mas largo
A92: NIVEL 1 | B92: N1-40 | C92: Muro de 20cm | D92: 0.2 | E92: -2.807 | F92: -3.564 | G92: -2.807 | H92: 1.103 | I92: 4.667 | J92: 0 | K92: 0 | L92: =I92-K92 | M92: General | N92: =VLOOKUP(A92&"|"&M92,PARAMETROS!$A$4:$B$9,2,FALSE) | O92: =I92*N92 | P92: =K92*PARAMETROS!$B$10 | Q92: =O92-P92 | R92: S-3 EMPLANTILLADO NIVEL 1 | S92: Corrida de blocks colineales; union por columna/mocheta; esquina al muro mas largo | T92: 1 hueco(s) de columna/mocheta incluidos en la longitud
A93: NIVEL 1 | B93: N1-41 | C93: Muro de 15cm | D93: 0.15 | E93: -16.501 | F93: 5.671 | G93: -17.219 | H93: 6.149 | I93: 0.862 | J93: 0 | K93: 0 | L93: =I93-K93 | M93: General | N93: =VLOOKUP(A93&"|"&M93,PARAMETROS!$A$4:$B$9,2,FALSE) | O93: =I93*N93 | P93: =K93*PARAMETROS!$B$10 | Q93: =O93-P93 | R93: S-3 EMPLANTILLADO NIVEL 1 | S93: Corrida de blocks colineales; union por columna/mocheta; esquina al muro mas largo
A94: NIVEL 1 | B94: N1-42 | C94: Muro de 15cm | D94: 0.15 | E94: -12.477 | F94: -6.791 | G94: -19.081 | H94: -2.401 | I94: 7.93 | J94: 1 | K94: 0.901 | L94: =I94-K94 | M94: General | N94: =VLOOKUP(A94&"|"&M94,PARAMETROS!$A$4:$B$9,2,FALSE) | O94: =I94*N94 | P94: =K94*PARAMETROS!$B$10 | Q94: =O94-P94 | R94: S-3 EMPLANTILLADO NIVEL 1 | S94: Corrida de blocks colineales; union por columna/mocheta; esquina al muro mas largo
A95: NIVEL 1 | B95: N1-43 | C95: Muro de 15cm | D95: 0.15 | E95: -13.769 | F95: -8.753 | G95: -18.825 | H95: -5.391 | I95: 6.072 | J95: 0 | K95: 0 | L95: =I95-K95 | M95: General | N95: =VLOOKUP(A95&"|"&M95,PARAMETROS!$A$4:$B$9,2,FALSE) | O95: =I95*N95 | P95: =K95*PARAMETROS!$B$10 | Q95: =O95-P95 | R95: S-3 EMPLANTILLADO NIVEL 1 | S95: Corrida de blocks colineales; union por columna/mocheta; esquina al muro mas largo
A96: NIVEL 1 | B96: N1-44 | C96: Muro de 15cm | D96: 0.15 | E96: -20.532 | F96: -4.346 | G96: -22.823 | H96: -2.823 | I96: 2.751 | J96: 0 | K96: 0 | L96: =I96-K96 | M96: General | N96: =VLOOKUP(A96&"|"&M96,PARAMETROS!$A$4:$B$9,2,FALSE) | O96: =I96*N96 | P96: =K96*PARAMETROS!$B$10 | Q96: =O96-P96 | R96: S-3 EMPLANTILLADO NIVEL 1 | S96: Corrida de blocks colineales; union por columna/mocheta; esquina al muro mas largo
A97: NIVEL 1 | B97: N1-45 | C97: Muro de 15cm | D97: 0.15 | E97: -21.334 | F97: -5.554 | G97: -23.625 | H97: -4.031 | I97: 2.751 | J97: 0 | K97: 0 | L97: =I97-K97 | M97: General | N97: =VLOOKUP(A97&"|"&M97,PARAMETROS!$A$4:$B$9,2,FALSE) | O97: =I97*N97 | P97: =K97*PARAMETROS!$B$10 | Q97: =O97-P97 | R97: S-3 EMPLANTILLADO NIVEL 1 | S97: Corrida de blocks colineales; union por columna/mocheta; esquina al muro mas largo
A98: NIVEL 1 | B98: N1-46 | C98: Muro de 15cm | D98: 0.15 | E98: -17.758 | F98: -10.786 | G98: -18.778 | H98: -10.108 | I98: 1.225 | J98: 0 | K98: 0 | L98: =I98-K98 | M98: General | N98: =VLOOKUP(A98&"|"&M98,PARAMETROS!$A$4:$B$9,2,FALSE) | O98: =I98*N98 | P98: =K98*PARAMETROS!$B$10 | Q98: =O98-P98 | R98: S-3 EMPLANTILLADO NIVEL 1 | S98: Corrida de blocks colineales; union por columna/mocheta; esquina al muro mas largo
A99: NIVEL 1 | B99: N1-47 | C99: Muro de 20cm | D99: 0.2 | E99: -19.594 | F99: -2.089 | G99: -21.494 | H99: -0.826 | I99: 2.281 | J99: 0 | K99: 0 | L99: =I99-K99 | M99: General | N99: =VLOOKUP(A99&"|"&M99,PARAMETROS!$A$4:$B$9,2,FALSE) | O99: =I99*N99 | P99: =K99*PARAMETROS!$B$10 | Q99: =O99-P99 | R99: S-3 EMPLANTILLADO NIVEL 1 | S99: Corrida de blocks colineales; union por columna/mocheta; esquina al muro mas largo
A100: NIVEL 1 | B100: N1-48 | C100: Muro de 20cm | D100: 0.2 | E100: -21.241 | F100: -8.441 | G100: -24.927 | H100: -5.99 | I100: 4.427 | J100: 0 | K100: 0 | L100: =I100-K100 | M100: General | N100: =VLOOKUP(A100&"|"&M100,PARAMETROS!$A$4:$B$9,2,FALSE) | O100: =I100*N100 | P100: =K100*PARAMETROS!$B$10 | Q100: =O100-P100 | R100: S-3 EMPLANTILLADO NIVEL 1 | S100: Corrida de blocks colineales; union por columna/mocheta; esquina al muro mas largo
A101: NIVEL 1 | B101: N1-49 | C101: Muro de 15cm | D101: 0.15 | E101: 5.302 | F101: 5.826 | G101: 1.889 | H101: 7.25 | I101: 3.698 | J101: 0 | K101: 0 | L101: =I101-K101 | M101: Ala este (losa +4.20) | N101: =VLOOKUP(A101&"|"&M101,PARAMETROS!$A$4:$B$9,2,FALSE) | O101: =I101*N101 | P101: =K101*PARAMETROS!$B$10 | Q101: =O101-P101 | R101: S-3 EMPLANTILLADO NIVEL 1 | S101: Corrida de blocks colineales; union por columna/mocheta; esquina al muro mas largo
A102: NIVEL 1 | B102: N1-50 | C102: Muro de 15cm | D102: 0.15 | E102: 2.265 | F102: 5.308 | G102: 1.81 | H102: 5.498 | I102: 0.493 | J102: 0 | K102: 0 | L102: =I102-K102 | M102: General | N102: =VLOOKUP(A102&"|"&M102,PARAMETROS!$A$4:$B$9,2,FALSE) | O102: =I102*N102 | P102: =K102*PARAMETROS!$B$10 | Q102: =O102-P102 | R102: S-3 EMPLANTILLADO NIVEL 1 | S102: Corrida de blocks colineales; union por columna/mocheta; esquina al muro mas largo | T102: Tramo corto: verificar
A103: NIVEL 1 | B103: N1-51 | C103: Muro de 15cm | D103: 0.15 | E103: 1.81 | F103: 5.498 | G103: 1.61 | H103: 5.581 | I103: 0.217 | J103: 0 | K103: 0 | L103: =I103-K103 | M103: Piso NPT 0.00 (ejes 5-6, A-C) | N103: =VLOOKUP(A103&"|"&M103,PARAMETROS!$A$4:$B$9,2,FALSE) | O103: =I103*N103 | P103: =K103*PARAMETROS!$B$10 | Q103: =O103-P103 | R103: S-3 EMPLANTILLADO NIVEL 1 | S103: Corrida de blocks colineales; union por columna/mocheta; esquina al muro mas largo | T103: Tramo corto: verificar
A104: NIVEL 1 | B104: N1-52 | C104: Muro perimetral de 15cm | D104: 0.15 | E104: 1.856 | F104: -22.115 | G104: -2.6 | H104: -21.01 | I104: 4.591 | J104: 0 | K104: 0 | L104: =I104-K104 | M104: General | N104: =VLOOKUP(A104&"|"&M104,PARAMETROS!$A$4:$B$9,2,FALSE) | O104: =I104*N104 | P104: =K104*PARAMETROS!$B$10 | Q104: =O104-P104 | R104: S-3 EMPLANTILLADO NIVEL 1 | S104: Corrida de blocks colineales; union por columna/mocheta; esquina al muro mas largo
A105: NIVEL 1 | B105: N1-53 | C105: Muro perimetral de 15cm | D105: 0.15 | E105: -2.6 | F105: -21.01 | G105: -32.744 | H105: -13.539 | I105: 31.056 | J105: 0 | K105: 0 | L105: =I105-K105 | M105: General | N105: =VLOOKUP(A105&"|"&M105,PARAMETROS!$A$4:$B$9,2,FALSE) | O105: =I105*N105 | P105: =K105*PARAMETROS!$B$10 | Q105: =O105-P105 | R105: S-3 EMPLANTILLADO NIVEL 1 | S105: Corrida de blocks colineales; union por columna/mocheta; esquina al muro mas largo
A106: NIVEL 2 | B106: N2-01 | C106: Muro de 10cm | D106: 0.1 | E106: -21.627 | F106: -10.187 | G106: -20.414 | H106: -8.362 | I106: 2.191 | J106: 0 | K106: 0 | L106: =I106-K106 | M106: General | N106: =VLOOKUP(A106&"|"&M106,PARAMETROS!$A$4:$B$9,2,FALSE) | O106: =I106*N106 | P106: =K106*PARAMETROS!$B$10 | Q106: =O106-P106 | R106: S-5 EMPLANTILLADO NIVEL 2 | S106: Corrida de blocks colineales; union por columna/mocheta; esquina al muro mas largo
...

Sheet OBSERVACIONES Y RFI
A1: No. | B1: Tema | C1: Descripcion | D1: Impacto
A2: RFI-04 | B2: Ventanas | C2: Los emplantillados no muestran ventanas: el area neta solo descuenta puertas (como V2). El libro a mano descuenta puertas y ventanas. Falta el plano de arquitectura o cortes con ventanas. | D2: Area neta sobrestimada en el area de ventanas
A3: OBS-05 | B3: Alturas | C3: Verificadas con S-1 (detalles MC1 y CC1), S-2 (niveles de losa), S-7 y S-8 (secciones). Ver PARAMETROS. La altura de puerta 2.10 sigue como supuesto.
A4: OBS-06 | B4: Ejes | C4: Ejes ubicados registrando el PDF S-1 contra el DXF (82% de esquinas de block coinciden a menos de 3 cm): eje 5 x=-2.60, eje 6 x=1.81, eje C y=1.33, eje A y=8.84. Muros que cruzan los ejes 5 o 6 se parten.
A5: RFI-07 | B5: Contencion bajo losa NPT 0.00 | C5: El detalle MC1 rotula NPT -0.35/0.00 con 3.50 m sobre piso; se usa 4.30 en toda la contencion. Si bajo la losa a 0.00 sube a 3.85, sumar 0.35 m en ~10 ml. | D5: ~3.5 m2
A6: OBS-07 | B6: Contencion = doble hilada | C6: Dos corridas de block de 15 separadas 0.12-0.19 m = muro de contencion de 30 cm (criterio de la oficina).
A7: OBS-08 | B7: Union por columnas | C7: Huecos entre corridas colineales <=0.62 m, o con columna/mocheta dibujada o etiqueta C# a menos de 1 m, se cuentan como muro corrido (la columna se descuenta despues en 'solo block'). Huecos 0.62-2.05 m sin columna = vano de puerta.
A8: OBS-09 | B8: Esquinas | C8: En L el muro mas largo llega a la cara exterior y el corto a la cara interior; en T el muro llega a la cara del que cruza. Traslape residual: SOT 0.34 m2, N1 0.20 m2, N2 0.10 m2 en planta. | D8: <0.2%
A9: OBS-10 | B9: Perimetral N1 | C9: Los dos tramos de 15 cm de mas de 30 m en S-3 se clasifican como muro perimetral (35.65 + 33.42 ml), igual que V2 (69.00).
A10: OBS-11 | B10: Alcance | C10: Esta hoja cuantifica muro (longitud, area bruta, vanos, area neta). No incluye 'solo block' (descuento de columnas, mochetas y soleras), pines ni soleras: pendiente si se pide.
