Workbook

Sheet RESUMEN
A1: CASA JPS - RESUMEN CUANTIFICACION DE CIMENTACION (SOTANO, plano S-1)
A3: Concepto | B3: Unidad | C3: Cantidad | D3: Fuente
A4: Zapatas (todas) - cantidad | B4: unidad | C4: =ZAPATAS!I20 | D4: ZAPATAS
A5: Concreto zapatas | B5: m3 | C5: =ZAPATAS!K20 | D5: ZAPATAS
A6: Cimiento CC1 0.70x0.25 fuera de zapata | B6: ml | C6: ='CIMIENTOS CORRIDOS'!K4 | D6: CIMIENTOS CORRIDOS
A7: Cimiento MC1 1.00x0.30 fuera de zapata | B7: ml | C7: ='CIMIENTOS CORRIDOS'!K5 | D7: CIMIENTOS CORRIDOS
A8: Franja 0.82 (MC1?) fuera de zapata - RFI-03 | B8: ml | C8: ='CIMIENTOS CORRIDOS'!K6 | D8: CIMIENTOS CORRIDOS
A9: Solera de amarre SA 0.30x0.30 | B9: ml | C9: ='CIMIENTOS CORRIDOS'!K7 | D9: CIMIENTOS CORRIDOS
A10: Concreto cimientos corridos + SA | B10: m3 | C10: ='CIMIENTOS CORRIDOS'!L8 | D10: CIMIENTOS CORRIDOS
A11: CONCRETO TOTAL CIMENTACION | B11: m3 | C11: =C5+C10
A12: Excavacion | B12: m3 | C12: =ZAPATAS!L20+'CIMIENTOS CORRIDOS'!M8
A13: Relleno compactado | B13: m3 | C13: =ZAPATAS!M20+'CIMIENTOS CORRIDOS'!N8
A14: Extraccion de material (excavacion x abundamiento, criterio libro V2) | B14: m3 | C14: =ZAPATAS!N20+'CIMIENTOS CORRIDOS'!O8
A15: Extraccion de sobrante si se rellena con material propio: (Exc - Relleno) x abundamiento | B15: m3 | C15: =(C12-C13)*PARAMETROS!B4 | D15: Alternativa
A16: Concreto de limpieza e=0.03 | B16: m3 | C16: =ZAPATAS!O20+'CIMIENTOS CORRIDOS'!P8

Sheet PARAMETROS
A1: CASA JPS - CUANTIFICACION DE CIMENTACION (SOTANO) - PARAMETROS
A3: Parametro | B3: Valor | C3: Unidad | D3: Etiqueta | E3: Fuente
A4: Factor de abundamiento (extraccion) | B4: 1.35 | C4: - | D4: [Supuesto] | E4: Criterio del libro Cuant Obra Gris V2 (L6=J6*1.35)
A5: Espesor concreto de limpieza / pastilla | B5: 0.03 | C5: m | D5: [Supuesto] | E5: Encabezado M5 del libro V2 (e=0.03 m)

Sheet ZAPATAS
A1: ZAPATAS - SOTANO (plano S-1 Rev C, 18-ago-2026)
A3: Elemento | B3: Ubicacion (centro X,Y m) | C3: Lado A en planta (m) | D3: Lado B en planta (m) | E3: B planilla (m) | F3: D planilla (m) | G3: Espesor t (m) | H3: Prof. desplante Df (m) | I3: Cantidad | J3: Area planta (m2) | K3: Concreto (m3) | L3: Excavacion (m3) | M3: Relleno (m3) | N3: Extraccion (m3) | O3: Concreto limpieza (m3) | P3: Metodo | Q3: Fuente t y Df | R3: Observaciones
A4: Z3-a | B4: (-11.24, 1.33) | C4: 3.3 | D4: 3.3 | E4: 3.3 | F4: 3.3 | G4: 0.55 | H4: 1.2 | I4: 1 | J4: =E4*F4*I4 | K4: =J4*G4 | L4: =J4*H4 | M4: =L4-K4 | N4: =L4*PARAMETROS!$B$4 | O4: =J4*PARAMETROS!$B$5 | P4: Conteo por etiqueta Z# en PDF S-1 Rev C; posicion: DXF (Z3-Z7) o PDF registrado (Z1, Z2, Z8) | Q4: [Dato verificado] B, D y H de la PLANILLA DE ZAPATAS (S-1 Rev C). Df [Dato no verificable] del libro V2
A5: Z3-b | B5: (-9.70, -2.11) | C5: 3.3 | D5: 3.3 | E5: 3.3 | F5: 3.3 | G5: 0.55 | H5: 1.2 | I5: 1 | J5: =E5*F5*I5 | K5: =J5*G5 | L5: =J5*H5 | M5: =L5-K5 | N5: =L5*PARAMETROS!$B$4 | O5: =J5*PARAMETROS!$B$5 | P5: Conteo por etiqueta Z# en PDF S-1 Rev C; posicion: DXF (Z3-Z7) o PDF registrado (Z1, Z2, Z8) | Q5: [Dato verificado] B, D y H de la PLANILLA DE ZAPATAS (S-1 Rev C). Df [Dato no verificable] del libro V2
A6: Z3-c | B6: (-17.01, 6.37) | C6: 3.3 | D6: 3.3 | E6: 3.3 | F6: 3.3 | G6: 0.55 | H6: 1.2 | I6: 1 | J6: =E6*F6*I6 | K6: =J6*G6 | L6: =J6*H6 | M6: =L6-K6 | N6: =L6*PARAMETROS!$B$4 | O6: =J6*PARAMETROS!$B$5 | P6: Conteo por etiqueta Z# en PDF S-1 Rev C; posicion: DXF (Z3-Z7) o PDF registrado (Z1, Z2, Z8) | Q6: [Dato verificado] B, D y H de la PLANILLA DE ZAPATAS (S-1 Rev C). Df [Dato no verificable] del libro V2
A7: Z4 | B7: (-25.07, -5.75) | C7: 2.5 | D7: 2.5 | E7: 2.5 | F7: 2.5 | G7: 0.5 | H7: 1.15 | I7: 1 | J7: =E7*F7*I7 | K7: =J7*G7 | L7: =J7*H7 | M7: =L7-K7 | N7: =L7*PARAMETROS!$B$4 | O7: =J7*PARAMETROS!$B$5 | P7: Conteo por etiqueta Z# en PDF S-1 Rev C; posicion: DXF (Z3-Z7) o PDF registrado (Z1, Z2, Z8) | Q7: [Dato verificado] B, D y H de la PLANILLA DE ZAPATAS (S-1 Rev C). Df [Dato no verificable] del libro V2
A8: Z5 | B8: (-16.90, -10.49) | C8: 3.9 | D8: 7.9 | E8: 3.9 | F8: 7.9 | G8: 0.45 | H8: 1.1 | I8: 1 | J8: =E8*F8*I8 | K8: =J8*G8 | L8: =J8*H8 | M8: =L8-K8 | N8: =L8*PARAMETROS!$B$4 | O8: =J8*PARAMETROS!$B$5 | P8: Conteo por etiqueta Z# en PDF S-1 Rev C; posicion: DXF (Z3-Z7) o PDF registrado (Z1, Z2, Z8) | Q8: [Dato verificado] B, D y H de la PLANILLA DE ZAPATAS (S-1 Rev C). Df [Dato no verificable] del libro V2
A9: Z6 | B9: (-21.07, -8.56) | C9: 3.75 | D9: 3.75 | E9: 3.75 | F9: 3.75 | G9: 0.5 | H9: 1.15 | I9: 1 | J9: =E9*F9*I9 | K9: =J9*G9 | L9: =J9*H9 | M9: =L9-K9 | N9: =L9*PARAMETROS!$B$4 | O9: =J9*PARAMETROS!$B$5 | P9: Conteo por etiqueta Z# en PDF S-1 Rev C; posicion: DXF (Z3-Z7) o PDF registrado (Z1, Z2, Z8) | Q9: [Dato verificado] B, D y H de la PLANILLA DE ZAPATAS (S-1 Rev C). Df [Dato no verificable] del libro V2
A10: Z7 | B10: (-20.76, -1.46) | C10: 3.3 | D10: 5.75 | E10: 3.3 | F10: 5.75 | G10: 0.55 | H10: 1.2 | I10: 1 | J10: =E10*F10*I10 | K10: =J10*G10 | L10: =J10*H10 | M10: =L10-K10 | N10: =L10*PARAMETROS!$B$4 | O10: =J10*PARAMETROS!$B$5 | P10: Conteo por etiqueta Z# en PDF S-1 Rev C; posicion: DXF (Z3-Z7) o PDF registrado (Z1, Z2, Z8) | Q10: [Dato verificado] B, D y H de la PLANILLA DE ZAPATAS (S-1 Rev C). Df [Dato no verificable] del libro V2
A11: Z2-a (A/6) | B11: (1.67, 7.58) | C11: 2.3 | D11: 2.3 | E11: 2.3 | F11: 2.3 | G11: 0.45 | H11: 1.1 | I11: 1 | J11: =E11*F11*I11 | K11: =J11*G11 | L11: =J11*H11 | M11: =L11-K11 | N11: =L11*PARAMETROS!$B$4 | O11: =J11*PARAMETROS!$B$5 | P11: Conteo por etiqueta Z# en PDF S-1 Rev C; posicion: DXF (Z3-Z7) o PDF registrado (Z1, Z2, Z8) | Q11: [Dato verificado] B, D y H de la PLANILLA DE ZAPATAS (S-1 Rev C). Df [Dato no verificable] del libro V2
A12: Z2-b (C/6) | B12: (1.67, 1.26) | C12: 2.3 | D12: 2.3 | E12: 2.3 | F12: 2.3 | G12: 0.45 | H12: 1.1 | I12: 1 | J12: =E12*F12*I12 | K12: =J12*G12 | L12: =J12*H12 | M12: =L12-K12 | N12: =L12*PARAMETROS!$B$4 | O12: =J12*PARAMETROS!$B$5 | P12: Conteo por etiqueta Z# en PDF S-1 Rev C; posicion: DXF (Z3-Z7) o PDF registrado (Z1, Z2, Z8) | Q12: [Dato verificado] B, D y H de la PLANILLA DE ZAPATAS (S-1 Rev C). Df [Dato no verificable] del libro V2
A13: Z2-c (D/6) | B13: (1.67, -2.60) | C13: 2.3 | D13: 2.3 | E13: 2.3 | F13: 2.3 | G13: 0.45 | H13: 1.1 | I13: 1 | J13: =E13*F13*I13 | K13: =J13*G13 | L13: =J13*H13 | M13: =L13-K13 | N13: =L13*PARAMETROS!$B$4 | O13: =J13*PARAMETROS!$B$5 | P13: Conteo por etiqueta Z# en PDF S-1 Rev C; posicion: DXF (Z3-Z7) o PDF registrado (Z1, Z2, Z8) | Q13: [Dato verificado] B, D y H de la PLANILLA DE ZAPATAS (S-1 Rev C). Df [Dato no verificable] del libro V2
A14: Z2-d (C1 entre 5 y 6) | B14: (-2.60, -2.60) | C14: 2.3 | D14: 2.3 | E14: 2.3 | F14: 2.3 | G14: 0.45 | H14: 1.1 | I14: 1 | J14: =E14*F14*I14 | K14: =J14*G14 | L14: =J14*H14 | M14: =L14-K14 | N14: =L14*PARAMETROS!$B$4 | O14: =J14*PARAMETROS!$B$5 | P14: Conteo por etiqueta Z# en PDF S-1 Rev C; posicion: DXF (Z3-Z7) o PDF registrado (Z1, Z2, Z8) | Q14: [Dato verificado] B, D y H de la PLANILLA DE ZAPATAS (S-1 Rev C). Df [Dato no verificable] del libro V2
A15: Z1-a (NE, C5A) | B15: (5.58, 5.75) | C15: 2 | D15: 2 | E15: 2 | F15: 2 | G15: 0.45 | H15: 1.1 | I15: 1 | J15: =E15*F15*I15 | K15: =J15*G15 | L15: =J15*H15 | M15: =L15-K15 | N15: =L15*PARAMETROS!$B$4 | O15: =J15*PARAMETROS!$B$5 | P15: Conteo por etiqueta Z# en PDF S-1 Rev C; posicion: DXF (Z3-Z7) o PDF registrado (Z1, Z2, Z8) | Q15: [Dato verificado] B, D y H de la PLANILLA DE ZAPATAS (S-1 Rev C). Df [Dato no verificable] del libro V2
... A19: Z1-b (SO, C4) | B19: (-26.89, -8.36) | C19: 2 | D19: 2 | E19: 2 | F19: 2 | G19: 0.45 | H19: 1.1 | I19: 1 | J19: =E19*F19*I19 | K19: =J19*G19 | L19: =J19*H19 | M19: =L19-K19 | N19: =L19*PARAMETROS!$B$4 | O19: =J19*PARAMETROS!$B$5 | P19: Conteo por etiqueta Z# en PDF S-1 Rev C; posicion: DXF (Z3-Z7) o PDF registrado (Z1, Z2, Z8) | Q19: [Dato verificado] B, D y H de la PLANILLA DE ZAPATAS (S-1 Rev C). Df [Dato no verificable] del libro V2
A20: TOTAL ZAPATAS | I20: =SUM(I4:I19) | J20: =SUM(J4:J19) | K20: =SUM(K4:K19) | L20: =SUM(L4:L19) | M20: =SUM(M4:M19) | N20: =SUM(N4:N19) | O20: =SUM(O4:O19)
A23: RESUMEN POR TIPO
A24: Tipo | B24: Dimension calc. (m) | C24: Cantidad | D24: Concreto (m3) | E24: Excavacion (m3)
A25: Z1 | B25: 2.00 x 2.00 x 0.45 | C25: =COUNTIF($A$4:$A$19,"Z1*") | D25: =SUMIF($A$4:$A$19,"Z1*",$K$4:$K$19) | E25: =SUMIF($A$4:$A$19,"Z1*",$L$4:$L$19)
A26: Z2 | B26: 2.30 x 2.30 x 0.45 | C26: =COUNTIF($A$4:$A$19,"Z2*") | D26: =SUMIF($A$4:$A$19,"Z2*",$K$4:$K$19) | E26: =SUMIF($A$4:$A$19,"Z2*",$L$4:$L$19)
A27: Z3 | B27: 3.30 x 3.30 x 0.55 | C27: =COUNTIF($A$4:$A$19,"Z3*") | D27: =SUMIF($A$4:$A$19,"Z3*",$K$4:$K$19) | E27: =SUMIF($A$4:$A$19,"Z3*",$L$4:$L$19)
A28: Z4 | B28: 2.50 x 2.50 x 0.50 | C28: =COUNTIF($A$4:$A$19,"Z4*") | D28: =SUMIF($A$4:$A$19,"Z4*",$K$4:$K$19) | E28: =SUMIF($A$4:$A$19,"Z4*",$L$4:$L$19)
A29: Z5 | B29: 3.90 x 7.90 x 0.45 | C29: =COUNTIF($A$4:$A$19,"Z5*") | D29: =SUMIF($A$4:$A$19,"Z5*",$K$4:$K$19) | E29: =SUMIF($A$4:$A$19,"Z5*",$L$4:$L$19)
A30: Z6 | B30: 3.75 x 3.75 x 0.50 | C30: =COUNTIF($A$4:$A$19,"Z6*") | D30: =SUMIF($A$4:$A$19,"Z6*",$K$4:$K$19) | E30: =SUMIF($A$4:$A$19,"Z6*",$L$4:$L$19)
A31: Z7 | B31: 3.30 x 5.75 x 0.55 | C31: =COUNTIF($A$4:$A$19,"Z7*") | D31: =SUMIF($A$4:$A$19,"Z7*",$K$4:$K$19) | E31: =SUMIF($A$4:$A$19,"Z7*",$L$4:$L$19)
A32: Z8 | B32: 2.50 x 2.50 x 0.45 | C32: =COUNTIF($A$4:$A$19,"Z8*") | D32: =SUMIF($A$4:$A$19,"Z8*",$K$4:$K$19) | E32: =SUMIF($A$4:$A$19,"Z8*",$L$4:$L$19)

Sheet CIMIENTOS CORRIDOS
A1: CIMIENTOS CORRIDOS Y SOLERA DE AMARRE - SOTANO (plano S-1)
A3: Elemento | B3: Ancho medido en planta (m) | C3: Area bruta planta (m2) | D3: Area dentro de zapatas (m2) | E3: Area neta (m2) | F3: Longitud bruta equiv. (ml) | G3: Longitud neta equiv. (ml) | H3: Ancho calc. (m) | I3: Peralte (m) | J3: Prof. Df (m) | K3: Long. para concreto (ml) | L3: Concreto (m3) | M3: Excavacion (m3) | N3: Relleno (m3) | O3: Extraccion (m3) | P3: Concreto limpieza (m3) | Q3: Metodo | R3: Fuente peralte y Df | S3: Observaciones
A4: Cimiento corrido CC1 | B4: 0.7 | C4: 39.682 | D4: 11.971 | E4: =C4-D4 | F4: =C4/B4 | G4: =E4/B4 | H4: 0.7 | I4: 0.25 | J4: 1.05 | K4: =G4 | L4: =K4*H4*I4 | M4: =G4*H4*J4 | N4: =M4-G4*H4*MIN(I4,J4) | O4: =M4*PARAMETROS!$B$4 | P4: =G4*H4*PARAMETROS!$B$5 | Q4: Pares de bordes paralelos en capa (CIMIENTO 004 / S-solera de amarre 003) -> franjas; area/ancho = longitud equivalente; descuento = interseccion con contornos de zapata | R4: [Dato no verificable] peralte y Df del libro V2; ancho SI verificado en planta | S4: Version V2: 32.73 ml fuera de zapata; libro a mano 55.78 ml (bruto). Coincide con el bruto medido 56.69 ml.
A5: Cimiento corrido MC1 (muro de contencion) | B5: 1 | C5: 115.021 | D5: 34.578 | E5: =C5-D5 | F5: =C5/B5 | G5: =E5/B5 | H5: 1 | I5: 0.3 | J5: 1.3 | K5: =G5 | L5: =K5*H5*I5 | M5: =G5*H5*J5 | N5: =M5-G5*H5*MIN(I5,J5) | O5: =M5*PARAMETROS!$B$4 | P5: =G5*H5*PARAMETROS!$B$5 | Q5: Pares de bordes paralelos en capa (CIMIENTO 004 / S-solera de amarre 003) -> franjas; area/ancho = longitud equivalente; descuento = interseccion con contornos de zapata | R5: [Dato no verificable] peralte y Df del libro V2; ancho SI verificado en planta | S5: Version V2: 81.44 ml; a mano 123.41 ml. Bruto medido 115.02 ml (eje muro contencion V2 = 114.83 ml).
A6: Franja 0.82 m etiquetada MC1 (x -15.36 a -11.79, y 6.21 a 7.04) | B6: 0.82 | C6: 3.401 | D6: 0.462 | E6: =C6-D6 | F6: =C6/B6 | G6: =E6/B6 | H6: 0.82 | I6: 0.3 | J6: 1.3 | K6: =G6 | L6: =K6*H6*I6 | M6: =G6*H6*J6 | N6: =M6-G6*H6*MIN(I6,J6) | O6: =M6*PARAMETROS!$B$4 | P6: =G6*H6*PARAMETROS!$B$5 | Q6: Pares de bordes paralelos en capa (CIMIENTO 004 / S-solera de amarre 003) -> franjas; area/ancho = longitud equivalente; descuento = interseccion con contornos de zapata | R6: [Dato no verificable] peralte y Df del libro V2; ancho SI verificado en planta | S6: Rectangulo cerrado de 3.57x0.82 m en capa CIMIENTO entre CC1 y MC1. No coincide con ancho tipo. RFI-03. Se cuantifica con su ancho dibujado [Supuesto: peralte y Df de MC1]
A7: Solera de amarre SA | B7: 0.3 | C7: 18.132 | D7: 10.207 | E7: =C7-D7 | F7: =C7/B7 | G7: =E7/B7 | H7: 0.3 | I7: 0.3 | J7: 0.55 | K7: =F7 | L7: =K7*H7*I7 | M7: =G7*H7*J7 | N7: =M7-G7*H7*MIN(I7,J7) | O7: =M7*PARAMETROS!$B$4 | P7: =G7*H7*PARAMETROS!$B$5 | Q7: Pares de bordes paralelos en capa (CIMIENTO 004 / S-solera de amarre 003) -> franjas; area/ancho = longitud equivalente; descuento = interseccion con contornos de zapata | R7: [Dato no verificable] peralte y Df del libro V2; ancho SI verificado en planta | S7: Concreto con longitud bruta (la SA pasa sobre la zapata, desplante 0.55 < cara superior de zapata). Excavacion solo fuera de zapata. V2: 59.68 ml
A8: TOTAL | L8: =SUM(L4:L7) | M8: =SUM(M4:M7) | N8: =SUM(N4:N7) | O8: =SUM(O4:O7) | P8: =SUM(P4:P7)

Sheet OBSERVACIONES Y RFI
A1: No. | B1: Tema | C1: Descripcion | D1: Impacto
A2: OBS-01 | B2: Revision vigente | C2: El DXF S-1 del paquete NO coincide con el PDF S-1 Rev C (18-ago-2026) en zapatas: el DXF tiene Z2 de 3.90, una 'Z8' de 6.55x7.09 y Z1 de 2.20 que el PDF no tiene. Muros, cimientos corridos, SA y Z3-Z7 si coinciden (registro PDF-DXF). Se cuantifica con el PDF Rev C y su planilla. | D2: Zapatas: 16 und (antes 14)
A3: OBS-02 | B3: Planilla de zapatas | C3: Z1 2.00x2.00x0.45 (2), Z2 2.30x2.30x0.45 (4), Z3 3.30x3.30x0.55 (3), Z4 2.50x2.50x0.50, Z5 3.90x7.90x0.45, Z6 3.75x3.75x0.50, Z7 3.30x5.75x0.55, Z8 2.50x2.50x0.45 (3). Coincide con el libro a mano.
A4: OBS-03 | B4: Posicion de Z1, Z2 y Z8 | C4: Ubicadas sobre el PDF registrado (+/-0.15 m). Solo afecta el descuento de cimiento dentro de zapata. | D4: +/-1 ml de CC1/MC1
A5: RFI-03 | B5: Franja 0.82 m etiquetada MC1 | C5: Rectangulo cerrado 3.57x0.82 m entre CC1 y MC1 en capa CIMIENTO 004. | D5: ~1 m3
A6: OBS-04 | B6: Traslape cimiento-zapata | C6: Se descuenta de CC1/MC1 el area en planta dentro de zapatas. Valido si comparten nivel de desplante.
A7: OBS-05 | B7: Cimiento perimetral Nivel 1 (0.40x0.20) | C7: V2 incluye 52.69 ml (detalle 1 de S-10). S-10 no esta en el paquete: excluido. | D7: Excluido
A8: OBS-06 | B8: Profundidades de desplante | C8: Df tomadas del libro V2 (1.10/1.15/1.20 zapatas, 1.05 CC1, 1.30 MC1, 0.55 SA): los detalles de S-1 dan peraltes pero no Df desde terreno natural. | D8: Excavacion y relleno
A9: OBS-07 | B9: Acero de refuerzo | C9: Planilla con refuerzo disponible; no cuantificado en esta entrega. | D9: Pendiente
A10: OBS-08 | B10: Libro V2 - errores | C10: Cimientos!M25:M28 calculan volumen y M19:M24 area; fila 38 SUM(#REF!). | D10: Corregir en V2
