Workbook

Sheet DATOS
A1: ID | B1: Elemento | C1: Capa | D1: Espesor de muro (m) | E1: Tipo de cimiento | F1: Ancho de cimiento (m) | G1: Peralte de cimiento (m) | H1: Longitud | I1: Unidad longitud | J1: Altura | K1: Unidad altura | L1: Área | M1: Unidad área | N1: Handle | O1: X inicio (m) | P1: Y inicio (m) | Q1: X fin (m) | R1: Y fin (m) | S1: Observaciones
A2: C-001 | B2: Cimiento corrido | C2: Cimiento corrido CC-PRUEBA2 de 0.50 x 0.20 m | D2: 0.2 | E2: CC-PRUEBA2 | F2: 0.5 | G2: 0.2 | H2: 6 | I2: m | N2: DF | O2: 60 | P2: -6.9388939e-18 | Q2: 66 | R2: -6.9388939e-18
A3: C-002 | B3: Cimiento corrido | C3: Cimiento corrido CC-PRUEBA1 de 0.40 x 0.20 m | D3: 0.15 | E3: CC-PRUEBA1 | F3: 0.4 | G3: 0.2 | H3: 4 | I3: m | N3: E0 | O3: 0 | P3: 0 | Q3: 4 | R3: 0
A4: C-003 | B4: Cimiento corrido | C4: Cimiento corrido CC-PRUEBA1 de 0.40 x 0.20 m | D4: 0.15 | E4: CC-PRUEBA1 | F4: 0.4 | G4: 0.2 | H4: 7 | I4: m | N4: E1 | O4: 14 | P4: 0 | Q4: 10 | R4: 3 | S4: polilínea unida en esquina (3 vértices)
A5: C-004 | B5: Cimiento corrido | C5: Cimiento corrido CC-PRUEBA1 de 0.40 x 0.20 m | D5: 0.15 | E5: CC-PRUEBA1 | F5: 0.4 | G5: 0.2 | H5: 6 | I5: m | N5: E2 | O5: 20 | P5: 0 | Q5: 26 | R5: 0
A6: C-005 | B6: Cimiento corrido | C6: Cimiento corrido CC-PRUEBA1 de 0.40 x 0.20 m | D6: 0.15 | E6: CC-PRUEBA1 | F6: 0.4 | G6: 0.2 | H6: 6 | I6: m | N6: E3 | O6: 30 | P6: 0 | Q6: 36 | R6: 0
A7: C-006 | B7: Cimiento corrido | C7: Cimiento corrido CC-PRUEBA1 de 0.40 x 0.20 m | D7: 0.15 | E7: CC-PRUEBA1 | F7: 0.4 | G7: 0.2 | H7: 6 | I7: m | N7: E4 | O7: 40 | P7: 0 | Q7: 46 | R7: 0
A8: C-007 | B8: Cimiento corrido | C8: Cimiento corrido CC-PRUEBA1 de 0.40 x 0.20 m | D8: 0.15 | E8: CC-PRUEBA1 | F8: 0.4 | G8: 0.2 | H8: 3.8 | I8: m | N8: E5 | O8: 90 | P8: 0 | Q8: 93.8 | R8: 0
A9: C-008 | B9: Cimiento corrido | C9: Cimiento corrido CC-PRUEBA1 de 0.40 x 0.20 m | D9: 0.15 | E9: CC-PRUEBA1 | F9: 0.4 | G9: 0.2 | H9: 4 | I9: m | N9: E6 | O9: 94 | P9: -2 | Q9: 94 | R9: 2
A10: C-009 | B10: Cimiento corrido | C10: Cimiento corrido CC-PRUEBA1 de 0.40 x 0.20 m | D10: 0.15 | E10: CC-PRUEBA1 | F10: 0.4 | G10: 0.2 | H10: 1.8 | I10: m | N10: E7 | O10: 33 | P10: -2 | Q10: 33 | R10: -0.2
A11: C-010 | B11: Cimiento corrido | C11: Cimiento corrido CC-PRUEBA1 de 0.40 x 0.20 m | D11: 0.15 | E11: CC-PRUEBA1 | F11: 0.4 | G11: 0.2 | H11: 1.8 | I11: m | N11: E8 | O11: 33 | P11: 0.2 | Q11: 33 | R11: 2
A12: C-011 | B12: Cimiento corrido | C12: Cimiento corrido CC-PRUEBA1 de 0.40 x 0.20 m | D12: 0.15 | E12: CC-PRUEBA1 | F12: 0.4 | G12: 0.2 | H12: 2.8 | I12: m | N12: E9 | O12: 23 | P12: 0.2 | Q12: 23 | R12: 3
A13: M-001 | B13: Muro | C13: N1 Muro de 20cm | D13: 0.2 | H13: 6 | I13: m | J13: 2.8 | K13: m | L13: =IF(J13="","",H13*J13) | M13: m² | N13: EA | O13: 60 | P13: -6.9388939e-18 | Q13: 66 | R13: -6.9388939e-18
A14: M-002 | B14: Muro | C14: N1 Muro de 15cm | D14: 0.15 | H14: 4 | I14: m | J14: 2.8 | K14: m | L14: =IF(J14="","",H14*J14) | M14: m² | N14: F2 | O14: 0 | P14: 0 | Q14: 4 | R14: 0
A15: M-003 | B15: Muro | C15: N1 Muro de 15cm | D15: 0.15 | H15: 4.075 | I15: m | J15: 2.8 | K15: m | L15: =IF(J15="","",H15*J15) | M15: m² | N15: FA | O15: 9.925 | P15: 0 | Q15: 14 | R15: 0
A16: M-004 | B16: Muro | C16: N1 Muro de 15cm | D16: 0.15 | H16: 6 | I16: m | J16: 2.8 | K16: m | L16: =IF(J16="","",H16*J16) | M16: m² | N16: 102 | O16: 20 | P16: 0 | Q16: 26 | R16: 0
A17: M-005 | B17: Muro | C17: N1 Muro de 15cm | D17: 0.15 | H17: 6 | I17: m | J17: 2.8 | K17: m | L17: =IF(J17="","",H17*J17) | M17: m² | N17: 10A | O17: 30 | P17: 0 | Q17: 36 | R17: 0
A18: M-006 | B18: Muro | C18: N1 Muro de 15cm | D18: 0.15 | H18: 2 | I18: m | J18: 2.8 | K18: m | L18: =IF(J18="","",H18*J18) | M18: m² | N18: 112 | O18: 40 | P18: 0 | Q18: 42 | R18: 0
A19: V-001 | B19: Vano puerta | C19: N1 Muro de 15cm - Vano puerta | D19: 0.15 | H19: 0.9 | I19: m | N19: 11A | O19: 42 | P19: 0 | Q19: 42.9 | R19: 0 | S19: paño sobre vano no calculado (falta altura de vano)
A20: M-007 | B20: Muro | C20: N1 Muro de 15cm | D20: 0.15 | H20: 3.1 | I20: m | J20: 2.8 | K20: m | L20: =IF(J20="","",H20*J20) | M20: m² | N20: 122 | O20: 42.9 | P20: 0 | Q20: 46 | R20: 0
A21: M-008 | B21: Muro | C21: N1 Muro de 15cm | D21: 0.15 | H21: 3 | I21: m | J21: 2.8 | K21: m | L21: =IF(J21="","",H21*J21) | M21: m² | N21: 12A | O21: 90 | P21: 0 | Q21: 93 | R21: 0
A22: V-002 | B22: Vano puerta | C22: N1 Muro de 15cm - Vano puerta | D22: 0.15 | H22: 0.925 | I22: m | N22: 132 | O22: 93 | P22: 0 | Q22: 93.925 | R22: 0 | S22: vano en extremo libre hasta la cara del muro que cruza: verificar; paño sobre vano no calculado (falta altura de vano)
A23: M-009 | B23: Muro | C23: N1 Muro de 15cm | D23: 0.15 | H23: 4 | I23: m | J23: 2.8 | K23: m | L23: =IF(J23="","",H23*J23) | M23: m² | N23: 13A | O23: 94 | P23: -2 | Q23: 94 | R23: 2
A24: M-010 | B24: Muro | C24: N1 Muro de 15cm | D24: 0.15 | H24: 1.925 | I24: m | J24: 2.8 | K24: m | L24: =IF(J24="","",H24*J24) | M24: m² | N24: 142 | O24: 33 | P24: -2 | Q24: 33 | R24: -0.075
A25: M-011 | B25: Muro | C25: N1 Muro de 15cm | D25: 0.15 | H25: 1.925 | I25: m | J25: 2.8 | K25: m | L25: =IF(J25="","",H25*J25) | M25: m² | N25: 14A | O25: 33 | P25: 0.075 | Q25: 33 | R25: 2
A26: M-012 | B26: Muro | C26: N1 Muro de 15cm | D26: 0.15 | H26: 2.925 | I26: m | J26: 2.8 | K26: m | L26: =IF(J26="","",H26*J26) | M26: m² | N26: 152 | O26: 23 | P26: 0.075 | Q26: 23 | R26: 3
A27: M-013 | B27: Muro | C27: N1 Muro de 15cm | D27: 0.15 | H27: 2.925 | I27: m | J27: 2.8 | K27: m | L27: =IF(J27="","",H27*J27) | M27: m² | N27: 15A | O27: 10 | P27: 0.075 | Q27: 10 | R27: 3
A28: M-014 | B28: Muro | C28: N1 Muro de 10cm | D28: 0.1 | H28: 2.9 | I28: m | J28: 2.8 | K28: m | L28: =IF(J28="","",H28*J28) | M28: m² | N28: 162 | O28: 63 | P28: 0.1 | Q28: 63 | R28: 3

Sheet RESUMEN
A1: Elemento | B1: Capa | C1: Cantidad de objetos | D1: Unidad cantidad | E1: Longitud | F1: Unidad longitud | G1: Área | H1: Unidad área
A2: Cimiento corrido | B2: Cimiento corrido CC-PRUEBA1 de 0.40 x 0.20 m | C2: =COUNTIFS(DATOS!$B$2:$B$28,A2,DATOS!$C$2:$C$28,B2) | D2: u | E2: =SUMIFS(DATOS!$H$2:$H$28,DATOS!$B$2:$B$28,A2,DATOS!$C$2:$C$28,B2) | F2: m
A3: Cimiento corrido | B3: Cimiento corrido CC-PRUEBA2 de 0.50 x 0.20 m | C3: =COUNTIFS(DATOS!$B$2:$B$28,A3,DATOS!$C$2:$C$28,B3) | D3: u | E3: =SUMIFS(DATOS!$H$2:$H$28,DATOS!$B$2:$B$28,A3,DATOS!$C$2:$C$28,B3) | F3: m
A4: Muro | B4: N1 Muro de 10cm | C4: =COUNTIFS(DATOS!$B$2:$B$28,A4,DATOS!$C$2:$C$28,B4) | D4: u | E4: =SUMIFS(DATOS!$H$2:$H$28,DATOS!$B$2:$B$28,A4,DATOS!$C$2:$C$28,B4) | F4: m | G4: =SUMIFS(DATOS!$L$2:$L$28,DATOS!$B$2:$B$28,A4,DATOS!$C$2:$C$28,B4) | H4: m²
A5: Muro | B5: N1 Muro de 15cm | C5: =COUNTIFS(DATOS!$B$2:$B$28,A5,DATOS!$C$2:$C$28,B5) | D5: u | E5: =SUMIFS(DATOS!$H$2:$H$28,DATOS!$B$2:$B$28,A5,DATOS!$C$2:$C$28,B5) | F5: m | G5: =SUMIFS(DATOS!$L$2:$L$28,DATOS!$B$2:$B$28,A5,DATOS!$C$2:$C$28,B5) | H5: m²
A6: Muro | B6: N1 Muro de 20cm | C6: =COUNTIFS(DATOS!$B$2:$B$28,A6,DATOS!$C$2:$C$28,B6) | D6: u | E6: =SUMIFS(DATOS!$H$2:$H$28,DATOS!$B$2:$B$28,A6,DATOS!$C$2:$C$28,B6) | F6: m | G6: =SUMIFS(DATOS!$L$2:$L$28,DATOS!$B$2:$B$28,A6,DATOS!$C$2:$C$28,B6) | H6: m²
A7: Vano puerta | B7: N1 Muro de 15cm - Vano puerta | C7: =COUNTIFS(DATOS!$B$2:$B$28,A7,DATOS!$C$2:$C$28,B7) | D7: u | E7: =SUMIFS(DATOS!$H$2:$H$28,DATOS!$B$2:$B$28,A7,DATOS!$C$2:$C$28,B7) | F7: m
A9: Total Cimiento corrido | B9: (todas las capas) | C9: =COUNTIFS(DATOS!$B$2:$B$28,"Cimiento corrido") | D9: u | E9: =SUMIFS(DATOS!$H$2:$H$28,DATOS!$B$2:$B$28,"Cimiento corrido") | F9: m
A10: Total Muro | B10: (todas las capas) | C10: =COUNTIFS(DATOS!$B$2:$B$28,"Muro") | D10: u | E10: =SUMIFS(DATOS!$H$2:$H$28,DATOS!$B$2:$B$28,"Muro") | F10: m | G10: =SUMIFS(DATOS!$L$2:$L$28,DATOS!$B$2:$B$28,"Muro") | H10: m²
A11: Total Vano puerta | B11: (todas las capas) | C11: =COUNTIFS(DATOS!$B$2:$B$28,"Vano puerta") | D11: u | E11: =SUMIFS(DATOS!$H$2:$H$28,DATOS!$B$2:$B$28,"Vano puerta") | F11: m

Sheet REVISION
A1: Marca | B1: Motivo | C1: X (m) | D1: Y (m) | E1: Handles de origen | F1: Detalle | H1: Motivo | I1: Marcas
A2: R001 | B2: eje muy corto | C2: 80.06 | D2: 0 | E2: A9 | F2: eje de 0.120 m (< 0.2 m), espesor 0.15 m | H2: eje muy corto | I2: =COUNTIF($B$2:$B$4,H2)
A3: R002 | B3: espesor fuera de lista | C3: 71.5 | D3: 0 | E3: A5, A6, A7, A8 | F3: par de líneas a 0.250 m en 3.000 m (lista: 0.10, 0.15, 0.20) | H3: espesor fuera de lista | I3: =COUNTIF($B$2:$B$4,H3)
A4: R003 | B4: segmento sin pareja | C4: 51 | D4: 0 | E4: A4 | F4: sin paralela a distancia de muro; sin reconocer 2.000 de 2.000 m | H4: segmento sin pareja | I4: =COUNTIF($B$2:$B$4,H4)

Sheet PARAMETROS
A1: Parámetro | B1: Valor | C1: Unidad
A2: Plano original | B2: /home/user/AGENTES-DE-CLOUDE/cuantificador/tests/prueba_muros.dxf
A3: sha256 original | B3: ecc79badd04017f4b0d76ea839f6dd5d716a4b1a6e04d10c3c1ab8b150e4ff56
A4: Copia de trabajo | B4: ejemplos/SALIDA_prueba_muros_2026-10-15_184105/prueba_muros - COPIA ORIGINAL.dxf
A5: DXF de salida | B5: ejemplos/SALIDA_prueba_muros_2026-10-15_184105/prueba_muros - CUANT.dxf
A6: Capas de origen | B6: A-MURO
A7: $INSUNITS | B7: 6 (m)
A8: Factor a metros | B8: 1 | C8: m/unidad
A9: Espesores | B9: 0.10, 0.15, 0.20 | C9: m
A10: Nivel | B10: N1
A11: Altura de muro | B11: 2.8 | C11: m
A12: Tolerancia de espesor | B12: 0.005 | C12: m
A13: Tolerancia angular | B13: 0.5 | C13: °
A14: Unión de ejes colineales hasta | B14: 0.25 | C14: m
A15: Vano de puerta | B15: 0.6 a 2.05 | C15: m
A16: Umbral de eje corto | B16: 0.2 | C16: m
A17: Snap de esquinas | B17: 0.03 | C17: m
A18: Reglas de cimiento | B18: {"0.10": {"con_cimiento": false}, "0.15": {"con_cimiento": true, "tipo": "CC-PRUEBA1", "ancho": 0.4, "peralte": 0.2, "color": 2}, "0.20": {"con_cimiento": true, "tipo": "CC-PRUEBA2", "ancho": 0.5, "peralte": 0.2, "color": 4}}
A19: Fecha | B19: 2026-10-15 18:41:05
